time,load_shortfall_3h
2018-01-01 00:00:00,11033.543
2018-01-01 03:00:00,10808.221
2018-01-01 06:00:00,12872.592
2018-01-01 09:00:00,5217.9604
2018-01-01 12:00:00,12221.319
2018-01-01 15:00:00,13981.73
2018-01-01 18:00:00,13129.543
2018-01-01 21:00:00,12782.397
2018-01-02 00:00:00,12768.112
2018-01-02 03:00:00,10985.889
2018-01-02 06:00:00,13102.274
2018-01-02 09:00:00,8012.859
2018-01-02 12:00:00,11622.402
2018-01-02 15:00:00,12121.8955
2018-01-02 18:00:00,9772.612
2018-01-02 21:00:00,8647.541
2018-01-03 00:00:00,7896.6543
2018-01-03 03:00:00,11811.797
2018-01-03 06:00:00,12354.703
2018-01-03 09:00:00,10162.614
2018-01-03 12:00:00,10418.321
2018-01-03 15:00:00,13133.32
2018-01-03 18:00:00,11633.147
2018-01-03 21:00:00,8433.873
2018-01-04 00:00:00,8686.333
2018-01-04 03:00:00,8165.474
2018-01-04 06:00:00,9212.156
2018-01-04 09:00:00,8127.149
2018-01-04 12:00:00,11747.584
2018-01-04 15:00:00,13397.665
2018-01-04 18:00:00,13169.184
2018-01-04 21:00:00,12054.689
2018-01-05 00:00:00,10063.807
2018-01-05 03:00:00,9954.564
2018-01-05 06:00:00,8207.628
2018-01-05 09:00:00,13914.799
2018-01-05 12:00:00,12201.32
2018-01-05 15:00:00,13447.307
2018-01-05 18:00:00,13294.825
2018-01-05 21:00:00,10678.673
2018-01-06 00:00:00,8123.1113
2018-01-06 03:00:00,9393.874
2018-01-06 06:00:00,9089.006
2018-01-06 09:00:00,5654.575
2018-01-06 12:00:00,9275.018
2018-01-06 15:00:00,12245.456
2018-01-06 18:00:00,12086.782
2018-01-06 21:00:00,11543.949
2018-01-07 00:00:00,7644.468
2018-01-07 03:00:00,9075.356
2018-01-07 06:00:00,5976.529
2018-01-07 09:00:00,8344.493
2018-01-07 12:00:00,9706.012
2018-01-07 15:00:00,8655.607
2018-01-07 18:00:00,13153.606
2018-01-07 21:00:00,10340.635
2018-01-08 00:00:00,11154.414
2018-01-08 03:00:00,11099.18
2018-01-08 06:00:00,8087.8066
2018-01-08 09:00:00,8282.114
2018-01-08 12:00:00,10694.106
2018-01-08 15:00:00,14918.949
2018-01-08 18:00:00,14420.601
2018-01-08 21:00:00,9321.457
2018-01-09 00:00:00,10177.957
2018-01-09 03:00:00,6211.9595
2018-01-09 06:00:00,7646.185
2018-01-09 09:00:00,9136.394
2018-01-09 12:00:00,9905.959
2018-01-09 15:00:00,14511.154
2018-01-09 18:00:00,10540.719
2018-01-09 21:00:00,10700.182
2018-01-10 00:00:00,10324.957
2018-01-10 03:00:00,7382.0415
2018-01-10 06:00:00,8898.422
2018-01-10 09:00:00,7041.0464
2018-01-10 12:00:00,14005.867
2018-01-10 15:00:00,13098.958
2018-01-10 18:00:00,11717.472
2018-01-10 21:00:00,11073.45
2018-01-11 00:00:00,10181.027
2018-01-11 03:00:00,11948.609
2018-01-11 06:00:00,8802.399
2018-01-11 09:00:00,8629.466
2018-01-11 12:00:00,11584.371
2018-01-11 15:00:00,10302.371
2018-01-11 18:00:00,12982.782
2018-01-11 21:00:00,12864.821
2018-01-12 00:00:00,7470.067
2018-01-12 03:00:00,7085.137
2018-01-12 06:00:00,3197.0442
2018-01-12 09:00:00,4458.72
2018-01-12 12:00:00,10925.277
2018-01-12 15:00:00,12169.126
2018-01-12 18:00:00,12168.85
2018-01-12 21:00:00,12189.696
2018-01-13 00:00:00,8378.943
2018-01-13 03:00:00,10182.865
2018-01-13 06:00:00,8787.352
2018-01-13 09:00:00,5237.4736
2018-01-13 12:00:00,9609.424
2018-01-13 15:00:00,12548.181
2018-01-13 18:00:00,12172.267
2018-01-13 21:00:00,7946.295
2018-01-14 00:00:00,4917.851
2018-01-14 03:00:00,9671.786
2018-01-14 06:00:00,8355.063
2018-01-14 09:00:00,6192.097
2018-01-14 12:00:00,9356.816
2018-01-14 15:00:00,15133.633
2018-01-14 18:00:00,12965.892
2018-01-14 21:00:00,9845.207
2018-01-15 00:00:00,6920.171
2018-01-15 03:00:00,6674.1133
2018-01-15 06:00:00,6077.635
2018-01-15 09:00:00,7923.087
2018-01-15 12:00:00,12412.052
2018-01-15 15:00:00,13523.006
2018-01-15 18:00:00,11792.914
2018-01-15 21:00:00,12434.922
2018-01-16 00:00:00,10127.384
2018-01-16 03:00:00,8199.512
2018-01-16 06:00:00,5569.7695
2018-01-16 09:00:00,8116.0527
2018-01-16 12:00:00,12327.915
2018-01-16 15:00:00,13103.328
2018-01-16 18:00:00,13868.693
2018-01-16 21:00:00,12162.331
2018-01-17 00:00:00,8187.6387
2018-01-17 03:00:00,3994.7183
2018-01-17 06:00:00,4296.291
2018-01-17 09:00:00,6699.9585
2018-01-17 12:00:00,10037.949
2018-01-17 15:00:00,10622.329
2018-01-17 18:00:00,12664.152
2018-01-17 21:00:00,13064.296
2018-01-18 00:00:00,12716.049
2018-01-18 03:00:00,12212.069
2018-01-18 06:00:00,10913.209
2018-01-18 09:00:00,12757.625
2018-01-18 12:00:00,13154.937
2018-01-18 15:00:00,12187.541
2018-01-18 18:00:00,13405.062
2018-01-18 21:00:00,14275.614
2018-01-19 00:00:00,12775.872
2018-01-19 03:00:00,10592.856
2018-01-19 06:00:00,9679.433
2018-01-19 09:00:00,10607.32
2018-01-19 12:00:00,13626.619
2018-01-19 15:00:00,12186.619
2018-01-19 18:00:00,12040.129
2018-01-19 21:00:00,10876.773
2018-01-20 00:00:00,9270.602
2018-01-20 03:00:00,4133.2783
2018-01-20 06:00:00,7795.59
2018-01-20 09:00:00,8893.397
2018-01-20 12:00:00,12078.819
2018-01-20 15:00:00,12383.737
2018-01-20 18:00:00,12594.402
2018-01-20 21:00:00,12522.111
2018-01-21 00:00:00,11561.478
2018-01-21 03:00:00,8380.317
2018-01-21 06:00:00,6087.3975
2018-01-21 09:00:00,9279.396
2018-01-21 12:00:00,11552.981
2018-01-21 15:00:00,11922.569
2018-01-21 18:00:00,9758.179
2018-01-21 21:00:00,10971.264
2018-01-22 00:00:00,6279.4077
2018-01-22 03:00:00,7286.451
2018-01-22 06:00:00,7641.9126
2018-01-22 09:00:00,10539.22
2018-01-22 12:00:00,12331.69
2018-01-22 15:00:00,13476.976
2018-01-22 18:00:00,15049.913
2018-01-22 21:00:00,13177.631
2018-01-23 00:00:00,9201.089
2018-01-23 03:00:00,4704.8174
2018-01-23 06:00:00,10855.892
2018-01-23 09:00:00,13673.893
2018-01-23 12:00:00,15809.149
2018-01-23 15:00:00,12334.97
2018-01-23 18:00:00,13357.8545
2018-01-23 21:00:00,13423.097
2018-01-24 00:00:00,10334.448
2018-01-24 03:00:00,10123.802
2018-01-24 06:00:00,10307.973
2018-01-24 09:00:00,14385.159
2018-01-24 12:00:00,14316.501
2018-01-24 15:00:00,12345.028
2018-01-24 18:00:00,13261.268
2018-01-24 21:00:00,13506.456
2018-01-25 00:00:00,11253.175
2018-01-25 03:00:00,12235.97
2018-01-25 06:00:00,12637.239
2018-01-25 09:00:00,13187.706
2018-01-25 12:00:00,13469.492
2018-01-25 15:00:00,12678.297
2018-01-25 18:00:00,8960.476
2018-01-25 21:00:00,9612.598
2018-01-26 00:00:00,11668.019
2018-01-26 03:00:00,9794.797
2018-01-26 06:00:00,10577.563
2018-01-26 09:00:00,8313.138
2018-01-26 12:00:00,12213.785
2018-01-26 15:00:00,11192.157
2018-01-26 18:00:00,10812.494
2018-01-26 21:00:00,9254.14
2018-01-27 00:00:00,8922.338
2018-01-27 03:00:00,7053.6543
2018-01-27 06:00:00,7243.151
2018-01-27 09:00:00,8553.535
2018-01-27 12:00:00,10208.277
2018-01-27 15:00:00,11026.573
2018-01-27 18:00:00,12413.025
2018-01-27 21:00:00,12844.46
2018-01-28 00:00:00,10775.307
2018-01-28 03:00:00,10626.378
2018-01-28 06:00:00,12043.569
2018-01-28 09:00:00,11105.439
2018-01-28 12:00:00,11577.68
2018-01-28 15:00:00,12691.144
2018-01-28 18:00:00,12855.168
2018-01-28 21:00:00,13686.427
2018-01-29 00:00:00,15153.956
2018-01-29 03:00:00,10726.079
2018-01-29 06:00:00,10635.502
2018-01-29 09:00:00,8318.638
2018-01-29 12:00:00,10172.737
2018-01-29 15:00:00,11867.554
2018-01-29 18:00:00,13991.152
2018-01-29 21:00:00,13422.075
2018-01-30 00:00:00,12566.762
2018-01-30 03:00:00,9448.599
2018-01-30 06:00:00,8136.8213
2018-01-30 09:00:00,13186.226
2018-01-30 12:00:00,12252.688
2018-01-30 15:00:00,13733.703
2018-01-30 18:00:00,13826.331
2018-01-30 21:00:00,14114.457
2018-01-31 00:00:00,11346.987
2018-01-31 03:00:00,9604.278
2018-01-31 06:00:00,5727.698
2018-01-31 09:00:00,12441.909
2018-01-31 12:00:00,13684.333
2018-01-31 15:00:00,13391.04
2018-01-31 18:00:00,14760.617
2018-01-31 21:00:00,15546.282
2018-02-01 00:00:00,12225.369
2018-02-01 03:00:00,11940.887
2018-02-01 06:00:00,9738.273
2018-02-01 09:00:00,10069.797
2018-02-01 12:00:00,9462.685
2018-02-01 15:00:00,8290.01
2018-02-01 18:00:00,9773.435
2018-02-01 21:00:00,10876.587
2018-02-02 00:00:00,11398.276
2018-02-02 03:00:00,8632.061
2018-02-02 06:00:00,8355.943
2018-02-02 09:00:00,8562.378
2018-02-02 12:00:00,10317.316
2018-02-02 15:00:00,8404.461
2018-02-02 18:00:00,8383.855
2018-02-02 21:00:00,8339.784
2018-02-03 00:00:00,11010.541
2018-02-03 03:00:00,6791.873
2018-02-03 06:00:00,8652.488
2018-02-03 09:00:00,8472.169
2018-02-03 12:00:00,8791.313
2018-02-03 15:00:00,8703.618
2018-02-03 18:00:00,10357.831
2018-02-03 21:00:00,8887.939
2018-02-04 00:00:00,6595.535
2018-02-04 03:00:00,7161.8535
2018-02-04 06:00:00,10438.121
2018-02-04 09:00:00,9378.877
2018-02-04 12:00:00,12761.96
2018-02-04 15:00:00,9458.416
2018-02-04 18:00:00,8723.487
2018-02-04 21:00:00,12353.882
2018-02-05 00:00:00,9299.051
2018-02-05 03:00:00,9314.114
2018-02-05 06:00:00,10455.172
2018-02-05 09:00:00,9828.984
2018-02-05 12:00:00,11594.584
2018-02-05 15:00:00,10164.305
2018-02-05 18:00:00,10286.99
2018-02-05 21:00:00,10521.813
2018-02-06 00:00:00,9210.13
2018-02-06 03:00:00,8620.119
2018-02-06 06:00:00,9305.165
2018-02-06 09:00:00,9841.162
2018-02-06 12:00:00,11882.497
2018-02-06 15:00:00,9261.997
2018-02-06 18:00:00,11032.269
2018-02-06 21:00:00,9809.774
2018-02-07 00:00:00,10590.617
2018-02-07 03:00:00,10048.177
2018-02-07 06:00:00,9281.828
2018-02-07 09:00:00,9736.7295
2018-02-07 12:00:00,11790.143
2018-02-07 15:00:00,9525.147
2018-02-07 18:00:00,9379.656
2018-02-07 21:00:00,10631.479
2018-02-08 00:00:00,7242.7056
2018-02-08 03:00:00,8335.074
2018-02-08 06:00:00,10186.822
2018-02-08 09:00:00,9414.132
2018-02-08 12:00:00,11398.928
2018-02-08 15:00:00,9935.984
2018-02-08 18:00:00,10476.454
2018-02-08 21:00:00,7894.775
2018-02-09 00:00:00,9849.805
2018-02-09 03:00:00,10410.711
2018-02-09 06:00:00,9552.786
2018-02-09 09:00:00,11296.554
2018-02-09 12:00:00,13730.75
2018-02-09 15:00:00,13484.154
2018-02-09 18:00:00,11625.548
2018-02-09 21:00:00,12229.317
2018-02-10 00:00:00,7983.5137
2018-02-10 03:00:00,7876.724
2018-02-10 06:00:00,6735.6445
2018-02-10 09:00:00,8591.727
2018-02-10 12:00:00,9260.718
2018-02-10 15:00:00,12109.23
2018-02-10 18:00:00,11845.105
2018-02-10 21:00:00,12963.581
2018-02-11 00:00:00,11538.089
2018-02-11 03:00:00,9847.064
2018-02-11 06:00:00,9026.547
2018-02-11 09:00:00,9958.306
2018-02-11 12:00:00,12234.709
2018-02-11 15:00:00,10751.683
2018-02-11 18:00:00,10618.158
2018-02-11 21:00:00,10758.982
2018-02-12 00:00:00,9813.847
2018-02-12 03:00:00,8008.906
2018-02-12 06:00:00,9176.606
2018-02-12 09:00:00,11009.656
2018-02-12 12:00:00,9985.633
2018-02-12 15:00:00,12481.584
2018-02-12 18:00:00,12384.247
2018-02-12 21:00:00,11095.277
2018-02-13 00:00:00,12435.479
2018-02-13 03:00:00,9392.625
2018-02-13 06:00:00,10380.478
2018-02-13 09:00:00,9217.32
2018-02-13 12:00:00,11113.795
2018-02-13 15:00:00,10763.747
2018-02-13 18:00:00,8932.272
2018-02-13 21:00:00,10197.291
2018-02-14 00:00:00,7923.192
2018-02-14 03:00:00,7009.194
2018-02-14 06:00:00,3568.3308
2018-02-14 09:00:00,-97.46402
2018-02-14 12:00:00,10168.778
2018-02-14 15:00:00,8752.848
2018-02-14 18:00:00,9328.028
2018-02-14 21:00:00,13258.309
2018-02-15 00:00:00,8840.015
2018-02-15 03:00:00,6224.872
2018-02-15 06:00:00,6315.233
2018-02-15 09:00:00,7825.829
2018-02-15 12:00:00,14499.6875
2018-02-15 15:00:00,13148.505
2018-02-15 18:00:00,13030.275
2018-02-15 21:00:00,11598.64
2018-02-16 00:00:00,10891.496
2018-02-16 03:00:00,10704.706
2018-02-16 06:00:00,13273.559
2018-02-16 09:00:00,10715.174
2018-02-16 12:00:00,13217.01
2018-02-16 15:00:00,15546.719
2018-02-16 18:00:00,12864.909
2018-02-16 21:00:00,11277.24
2018-02-17 00:00:00,11818.017
2018-02-17 03:00:00,7215.652
2018-02-17 06:00:00,7129.585
2018-02-17 09:00:00,6858.7188
2018-02-17 12:00:00,9277.588
2018-02-17 15:00:00,10581.26
2018-02-17 18:00:00,9349.57
2018-02-17 21:00:00,11383.502
2018-02-18 00:00:00,9004.484
2018-02-18 03:00:00,9536.343
2018-02-18 06:00:00,10010.539
2018-02-18 09:00:00,8885.119
2018-02-18 12:00:00,9629.487
2018-02-18 15:00:00,11234.003
2018-02-18 18:00:00,9869.311
2018-02-18 21:00:00,11880.092
2018-02-19 00:00:00,10746.336
2018-02-19 03:00:00,10384.374
2018-02-19 06:00:00,11448.3
2018-02-19 09:00:00,11011.864
2018-02-19 12:00:00,11421.501
2018-02-19 15:00:00,10291.417
2018-02-19 18:00:00,11195.659
2018-02-19 21:00:00,9292.863
2018-02-20 00:00:00,9876.112
2018-02-20 03:00:00,8491.916
2018-02-20 06:00:00,7996.814
2018-02-20 09:00:00,7519.188
2018-02-20 12:00:00,10643.431
2018-02-20 15:00:00,6715.2886
2018-02-20 18:00:00,8891.657
2018-02-20 21:00:00,7238.643
2018-02-21 00:00:00,6844.5894
2018-02-21 03:00:00,4574.2246
2018-02-21 06:00:00,4745.2036
2018-02-21 09:00:00,9521.454
2018-02-21 12:00:00,8784.994
2018-02-21 15:00:00,7683.3174
2018-02-21 18:00:00,11010.691
2018-02-21 21:00:00,10794.476
2018-02-22 00:00:00,10195.263
2018-02-22 03:00:00,7764.6196
2018-02-22 06:00:00,7609.3247
2018-02-22 09:00:00,7430.7207
2018-02-22 12:00:00,10561.766
2018-02-22 15:00:00,7015.117
2018-02-22 18:00:00,6579.4688
2018-02-22 21:00:00,11503.892
2018-02-23 00:00:00,6300.3784
2018-02-23 03:00:00,8388.766
2018-02-23 06:00:00,5794.3228
2018-02-23 09:00:00,9432.123
2018-02-23 12:00:00,10176.0625
2018-02-23 15:00:00,9864.697
2018-02-23 18:00:00,9450.844
2018-02-23 21:00:00,9376.903
2018-02-24 00:00:00,8130.1367
2018-02-24 03:00:00,9693.418
2018-02-24 06:00:00,9245.185
2018-02-24 09:00:00,8258.754
2018-02-24 12:00:00,10173.565
2018-02-24 15:00:00,9086.72
2018-02-24 18:00:00,10122.362
2018-02-24 21:00:00,11953.095
2018-02-25 00:00:00,11716.001
2018-02-25 03:00:00,8640.731
2018-02-25 06:00:00,8763.763
2018-02-25 09:00:00,13512.461
2018-02-25 12:00:00,10654.461
2018-02-25 15:00:00,10585.067
2018-02-25 18:00:00,8551.202
2018-02-25 21:00:00,12757.574
2018-02-26 00:00:00,9950.709
2018-02-26 03:00:00,9612.567
2018-02-26 06:00:00,9183.485
2018-02-26 09:00:00,9454.083
2018-02-26 12:00:00,10085.081
2018-02-26 15:00:00,10147.172
2018-02-26 18:00:00,12115.609
2018-02-26 21:00:00,8650.145
2018-02-27 00:00:00,7910.17
2018-02-27 03:00:00,11009.95
2018-02-27 06:00:00,8822.1875
2018-02-27 09:00:00,10032.424
2018-02-27 12:00:00,11531.241
2018-02-27 15:00:00,8513.121
2018-02-27 18:00:00,9537.842
2018-02-27 21:00:00,9260.423
2018-02-28 00:00:00,9149.358
2018-02-28 03:00:00,9272.475
2018-02-28 06:00:00,8458.771
2018-02-28 09:00:00,5752.388
2018-02-28 12:00:00,6428.3564
2018-02-28 15:00:00,3917.1743
2018-02-28 18:00:00,4577.64
2018-02-28 21:00:00,6666.945
2018-03-01 00:00:00,6431.5503
2018-03-01 03:00:00,4857.2163
2018-03-01 06:00:00,2028.0605
2018-03-01 09:00:00,1608.3236
2018-03-01 12:00:00,6070.3726
2018-03-01 15:00:00,7111.986
2018-03-01 18:00:00,4503.395
2018-03-01 21:00:00,2751.6704
2018-03-02 00:00:00,3810.1042
2018-03-02 03:00:00,1506.4641
2018-03-02 06:00:00,5545.0654
2018-03-02 09:00:00,6789.6167
2018-03-02 12:00:00,7428.6035
2018-03-02 15:00:00,9378.377
2018-03-02 18:00:00,9625.597
2018-03-02 21:00:00,4480.967
2018-03-03 00:00:00,1764.3043
2018-03-03 03:00:00,4976.996
2018-03-03 06:00:00,4462.2383
2018-03-03 09:00:00,1735.3097
2018-03-03 12:00:00,1889.5682
2018-03-03 15:00:00,4995.8086
2018-03-03 18:00:00,6648.9453
2018-03-03 21:00:00,4682.813
2018-03-04 00:00:00,3651.8894
2018-03-04 03:00:00,5209.7437
2018-03-04 06:00:00,2836.751
2018-03-04 09:00:00,7808.799
2018-03-04 12:00:00,3668.597
2018-03-04 15:00:00,3791.767
2018-03-04 18:00:00,5942.0264
2018-03-04 21:00:00,7476.3345
2018-03-05 00:00:00,7525.426
2018-03-05 03:00:00,3396.7292
2018-03-05 06:00:00,4283.7046
2018-03-05 09:00:00,4398.548
2018-03-05 12:00:00,4603.054
2018-03-05 15:00:00,5560.904
2018-03-05 18:00:00,4572.9277
2018-03-05 21:00:00,4911.6772
2018-03-06 00:00:00,4588.2617
2018-03-06 03:00:00,4162.3306
2018-03-06 06:00:00,3848.1526
2018-03-06 09:00:00,5181.239
2018-03-06 12:00:00,4470.7163
2018-03-06 15:00:00,2433.3284
2018-03-06 18:00:00,6532.058
2018-03-06 21:00:00,1141.2126
2018-03-07 00:00:00,2997.2974
2018-03-07 03:00:00,3363.371
2018-03-07 06:00:00,-454.39847
2018-03-07 09:00:00,6694.215
2018-03-07 12:00:00,7075.8423
2018-03-07 15:00:00,8446.636
2018-03-07 18:00:00,6891.506
2018-03-07 21:00:00,7464.625
2018-03-08 00:00:00,6958.233
2018-03-08 03:00:00,7466.408
2018-03-08 06:00:00,6947.092
2018-03-08 09:00:00,7591.5513
2018-03-08 12:00:00,8195.929
2018-03-08 15:00:00,7825.781
2018-03-08 18:00:00,9404.029
2018-03-08 21:00:00,7020.0474
2018-03-09 00:00:00,2865.6392
2018-03-09 03:00:00,3307.1223
2018-03-09 06:00:00,4599.233
2018-03-09 09:00:00,6644.119
2018-03-09 12:00:00,6628.5215
2018-03-09 15:00:00,4993.1294
2018-03-09 18:00:00,7094.926
2018-03-09 21:00:00,6525.7886
2018-03-10 00:00:00,6081.9907
2018-03-10 03:00:00,6896.9976
2018-03-10 06:00:00,4725.004
2018-03-10 09:00:00,5085.7896
2018-03-10 12:00:00,3471.4329
2018-03-10 15:00:00,9263.666
2018-03-10 18:00:00,9005.056
2018-03-10 21:00:00,7424.148
2018-03-11 00:00:00,5857.577
2018-03-11 03:00:00,4658.131
2018-03-11 06:00:00,7354.122
2018-03-11 09:00:00,5552.992
2018-03-11 12:00:00,3812.6648
2018-03-11 15:00:00,5780.7686
2018-03-11 18:00:00,2912.7407
2018-03-11 21:00:00,3330.7085
2018-03-12 00:00:00,3493.5664
2018-03-12 03:00:00,7405.1562
2018-03-12 06:00:00,7849.842
2018-03-12 09:00:00,7026.256
2018-03-12 12:00:00,7707.7124
2018-03-12 15:00:00,7729.0337
2018-03-12 18:00:00,6866.0894
2018-03-12 21:00:00,7623.175
2018-03-13 00:00:00,8821.715
2018-03-13 03:00:00,7178.469
2018-03-13 06:00:00,7611.91
2018-03-13 09:00:00,6980.443
2018-03-13 12:00:00,8301.351
2018-03-13 15:00:00,6282.54
2018-03-13 18:00:00,5363.0645
2018-03-13 21:00:00,7302.861
2018-03-14 00:00:00,5051.1123
2018-03-14 03:00:00,5047.8135
2018-03-14 06:00:00,5385.0557
2018-03-14 09:00:00,6506.096
2018-03-14 12:00:00,5727.75
2018-03-14 15:00:00,9936.9795
2018-03-14 18:00:00,8586.549
2018-03-14 21:00:00,6173.423
2018-03-15 00:00:00,4063.5198
2018-03-15 03:00:00,4521.2983
2018-03-15 06:00:00,3053.666
2018-03-15 09:00:00,4055.1797
2018-03-15 12:00:00,1694.7269
2018-03-15 15:00:00,3728.7354
2018-03-15 18:00:00,2824.8003
2018-03-15 21:00:00,5448.7354
2018-03-16 00:00:00,7061.7065
2018-03-16 03:00:00,5520.151
2018-03-16 06:00:00,2031.4465
2018-03-16 09:00:00,3910.884
2018-03-16 12:00:00,3091.4543
2018-03-16 15:00:00,3136.9717
2018-03-16 18:00:00,2089.852
2018-03-16 21:00:00,7202.29
2018-03-17 00:00:00,4986.879
2018-03-17 03:00:00,4031.55
2018-03-17 06:00:00,7574.611
2018-03-17 09:00:00,6668.173
2018-03-17 12:00:00,6991.68
2018-03-17 15:00:00,5639.9834
2018-03-17 18:00:00,2419.3413
2018-03-17 21:00:00,6471.142
2018-03-18 00:00:00,5651.0615
2018-03-18 03:00:00,4244.982
2018-03-18 06:00:00,2289.373
2018-03-18 09:00:00,212.69604
2018-03-18 12:00:00,3601.932
2018-03-18 15:00:00,1036.6553
2018-03-18 18:00:00,2217.1816
2018-03-18 21:00:00,7811.7334
2018-03-19 00:00:00,9403.493
2018-03-19 03:00:00,8217.143
2018-03-19 06:00:00,8280.097
2018-03-19 09:00:00,7166.914
2018-03-19 12:00:00,8780.755
2018-03-19 15:00:00,7628.408
2018-03-19 18:00:00,3342.4348
2018-03-19 21:00:00,6015.247
2018-03-20 00:00:00,4680.808
2018-03-20 03:00:00,2327.7954
2018-03-20 06:00:00,21.195425
2018-03-20 09:00:00,7122.7163
2018-03-20 12:00:00,6814.347
2018-03-20 15:00:00,7666.357
2018-03-20 18:00:00,8361.135
2018-03-20 21:00:00,4716.3867
2018-03-21 00:00:00,9608.131
2018-03-21 03:00:00,7805.403
2018-03-21 06:00:00,7629.83
2018-03-21 09:00:00,6322.2446
2018-03-21 12:00:00,6488.807
2018-03-21 15:00:00,8375.011
2018-03-21 18:00:00,7861.5947
2018-03-21 21:00:00,3516.9172
2018-03-22 00:00:00,4806.342
2018-03-22 03:00:00,5170.6924
2018-03-22 06:00:00,6684.8286
2018-03-22 09:00:00,8428.598
2018-03-22 12:00:00,8685.232
2018-03-22 15:00:00,9655.161
2018-03-22 18:00:00,8957.632
2018-03-22 21:00:00,10950.169
2018-03-23 00:00:00,8457.646
2018-03-23 03:00:00,8282.202
2018-03-23 06:00:00,7323.92
2018-03-23 09:00:00,7881.1484
2018-03-23 12:00:00,6685.4346
2018-03-23 15:00:00,2859.8782
2018-03-23 18:00:00,5772.919
2018-03-23 21:00:00,1927.676
2018-03-24 00:00:00,3142.4963
2018-03-24 03:00:00,2266.9412
2018-03-24 06:00:00,1549.8663
2018-03-24 09:00:00,2634.1187
2018-03-24 12:00:00,28.746048
2018-03-24 15:00:00,1651.0425
2018-03-24 18:00:00,794.36346
2018-03-24 21:00:00,795.515
2018-03-25 00:00:00,890.45624
2018-03-25 03:00:00,6499.668
2018-03-25 06:00:00,4737.6763
2018-03-25 09:00:00,6052.4194
2018-03-25 12:00:00,5829.6543
2018-03-25 15:00:00,10158.568
2018-03-25 18:00:00,8997.842
2018-03-25 21:00:00,8834.015
2018-03-26 00:00:00,8752.872
2018-03-26 03:00:00,7685.586
2018-03-26 06:00:00,6339.0273
2018-03-26 09:00:00,7436.931
2018-03-26 12:00:00,8582.91
2018-03-26 15:00:00,11072.441
2018-03-26 18:00:00,11171.015
2018-03-26 21:00:00,8798.931
2018-03-27 00:00:00,9307.707
2018-03-27 03:00:00,7338.774
2018-03-27 06:00:00,5003.087
2018-03-27 09:00:00,8409.491
2018-03-27 12:00:00,9145.058
2018-03-27 15:00:00,11177.346
2018-03-27 18:00:00,8488.355
2018-03-27 21:00:00,9781.62
2018-03-28 00:00:00,9493.391
2018-03-28 03:00:00,12010.585
2018-03-28 06:00:00,12364.589
2018-03-28 09:00:00,13168.905
2018-03-28 12:00:00,10891.66
2018-03-28 15:00:00,11632.299
2018-03-28 18:00:00,5479.1626
2018-03-28 21:00:00,5852.759
2018-03-29 00:00:00,8015.977
2018-03-29 03:00:00,7642.48
2018-03-29 06:00:00,7805.814
2018-03-29 09:00:00,7564.8145
2018-03-29 12:00:00,7549.401
2018-03-29 15:00:00,4866.578
2018-03-29 18:00:00,39.81333
2018-03-29 21:00:00,7492.5444
2018-03-30 00:00:00,4985.8247
2018-03-30 03:00:00,5605.236
2018-03-30 06:00:00,5611.0327
2018-03-30 09:00:00,3707.439
2018-03-30 12:00:00,4296.041
2018-03-30 15:00:00,3317.2244
2018-03-30 18:00:00,519.9611
2018-03-30 21:00:00,2946.0015
2018-03-31 00:00:00,1938.7089
2018-03-31 03:00:00,1880.6218
2018-03-31 06:00:00,2876.5112
2018-03-31 09:00:00,4837.3867
2018-03-31 12:00:00,5355.9375
2018-03-31 15:00:00,5665.95
2018-03-31 18:00:00,3781.3418
2018-03-31 21:00:00,7867.346
2018-04-01 00:00:00,6085.3916
2018-04-01 03:00:00,5538.1836
2018-04-01 06:00:00,5421.7695
2018-04-01 09:00:00,7567.477
2018-04-01 12:00:00,9485.2705
2018-04-01 15:00:00,8226.368
2018-04-01 18:00:00,7480.479
2018-04-01 21:00:00,7430.5166
2018-04-02 00:00:00,6518.4326
2018-04-02 03:00:00,7805.7456
2018-04-02 06:00:00,8465.691
2018-04-02 09:00:00,8927.32
2018-04-02 12:00:00,9344.314
2018-04-02 15:00:00,10807.304
2018-04-02 18:00:00,11182.054
2018-04-02 21:00:00,9837.151
2018-04-03 00:00:00,10089.571
2018-04-03 03:00:00,8748.639
2018-04-03 06:00:00,8932.6455
2018-04-03 09:00:00,7235.6924
2018-04-03 12:00:00,8714.528
2018-04-03 15:00:00,6438.6406
2018-04-03 18:00:00,2306.3093
2018-04-03 21:00:00,9807.028
2018-04-04 00:00:00,11282.859
2018-04-04 03:00:00,5578.7827
2018-04-04 06:00:00,5483.106
2018-04-04 09:00:00,6518.862
2018-04-04 12:00:00,6151.1763
2018-04-04 15:00:00,6329.7646
2018-04-04 18:00:00,5363.032
2018-04-04 21:00:00,8207.859
2018-04-05 00:00:00,7573.9004
2018-04-05 03:00:00,4814.8823
2018-04-05 06:00:00,1735.9706
2018-04-05 09:00:00,7466.192
2018-04-05 12:00:00,11617.074
2018-04-05 15:00:00,9068.32
2018-04-05 18:00:00,9515.057
2018-04-05 21:00:00,8945.819
2018-04-06 00:00:00,9141.485
2018-04-06 03:00:00,4950.2197
2018-04-06 06:00:00,3242.9573
2018-04-06 09:00:00,6909.305
2018-04-06 12:00:00,7440.759
2018-04-06 15:00:00,8431.977
2018-04-06 18:00:00,8006.4688
2018-04-06 21:00:00,8799.086
2018-04-07 00:00:00,8229.507
2018-04-07 03:00:00,7846.1675
2018-04-07 06:00:00,3265.5654
2018-04-07 09:00:00,5922.851
2018-04-07 12:00:00,9474.675
2018-04-07 15:00:00,11208.707
2018-04-07 18:00:00,10943.462
2018-04-07 21:00:00,10339.408
2018-04-08 00:00:00,6172.5283
2018-04-08 03:00:00,6015.8936
2018-04-08 06:00:00,6182.2524
2018-04-08 09:00:00,6410.8516
2018-04-08 12:00:00,8864.386
2018-04-08 15:00:00,8742.607
2018-04-08 18:00:00,8282.772
2018-04-08 21:00:00,10676.818
2018-04-09 00:00:00,9847.14
2018-04-09 03:00:00,11200.598
2018-04-09 06:00:00,6419.2856
2018-04-09 09:00:00,7785.3228
2018-04-09 12:00:00,8247.352
2018-04-09 15:00:00,3850.4534
2018-04-09 18:00:00,8083.877
2018-04-09 21:00:00,9787.625
2018-04-10 00:00:00,8276.287
2018-04-10 03:00:00,10139.258
2018-04-10 06:00:00,4803.1245
2018-04-10 09:00:00,8530.679
2018-04-10 12:00:00,8714.741
2018-04-10 15:00:00,5784.644
2018-04-10 18:00:00,7775.712
2018-04-10 21:00:00,7374.2363
2018-04-11 00:00:00,7701.161
2018-04-11 03:00:00,7088.576
2018-04-11 06:00:00,4953.7637
2018-04-11 09:00:00,3553.8647
2018-04-11 12:00:00,2307.7976
2018-04-11 15:00:00,3679.3882
2018-04-11 18:00:00,6028.6777
2018-04-11 21:00:00,4579.924
2018-04-12 00:00:00,2216.1812
2018-04-12 03:00:00,2445.307
2018-04-12 06:00:00,3503.9182
2018-04-12 09:00:00,6474.1855
2018-04-12 12:00:00,7528.4478
2018-04-12 15:00:00,5808.92
2018-04-12 18:00:00,6767.4194
2018-04-12 21:00:00,8555.052
2018-04-13 00:00:00,6914.9556
2018-04-13 03:00:00,6123.148
2018-04-13 06:00:00,4416.4185
2018-04-13 09:00:00,8965.807
2018-04-13 12:00:00,8775.549
2018-04-13 15:00:00,10647.09
2018-04-13 18:00:00,8502.665
2018-04-13 21:00:00,6853.281
2018-04-14 00:00:00,4770.422
2018-04-14 03:00:00,3921.4678
2018-04-14 06:00:00,4575.1533
2018-04-14 09:00:00,5912.258
2018-04-14 12:00:00,8976.805
2018-04-14 15:00:00,9684.12
2018-04-14 18:00:00,8508.295
2018-04-14 21:00:00,10939.351
2018-04-15 00:00:00,7846.977
2018-04-15 03:00:00,6649.4424
2018-04-15 06:00:00,5391.874
2018-04-15 09:00:00,5381.8438
2018-04-15 12:00:00,7011.791
2018-04-15 15:00:00,9635.994
2018-04-15 18:00:00,4643.0654
2018-04-15 21:00:00,2325.119
2018-04-16 00:00:00,2949.3523
2018-04-16 03:00:00,6367.168
2018-04-16 06:00:00,1128.654
2018-04-16 09:00:00,5429.1904
2018-04-16 12:00:00,7880.332
2018-04-16 15:00:00,7921.8364
2018-04-16 18:00:00,10883.362
2018-04-16 21:00:00,11414.111
2018-04-17 00:00:00,10441.908
2018-04-17 03:00:00,8621.045
2018-04-17 06:00:00,4810.5786
2018-04-17 09:00:00,11466.954
2018-04-17 12:00:00,14009.352
2018-04-17 15:00:00,14135.351
2018-04-17 18:00:00,12762.628
2018-04-17 21:00:00,13385.721
2018-04-18 00:00:00,12534.783
2018-04-18 03:00:00,9976.347
2018-04-18 06:00:00,12031.393
2018-04-18 09:00:00,11122.388
2018-04-18 12:00:00,13465.491
2018-04-18 15:00:00,11569.923
2018-04-18 18:00:00,11252.62
2018-04-18 21:00:00,12516.2295
2018-04-19 00:00:00,11521.68
2018-04-19 03:00:00,11467.383
2018-04-19 06:00:00,9337.159
2018-04-19 09:00:00,12951.771
2018-04-19 12:00:00,11621.833
2018-04-19 15:00:00,12127.013
2018-04-19 18:00:00,9398.876
2018-04-19 21:00:00,10247.564
2018-04-20 00:00:00,9899.579
2018-04-20 03:00:00,10860.807
2018-04-20 06:00:00,9583.826
2018-04-20 09:00:00,9483.604
2018-04-20 12:00:00,10319.546
2018-04-20 15:00:00,8947.463
2018-04-20 18:00:00,8549.761
2018-04-20 21:00:00,10398.403
2018-04-21 00:00:00,9755.159
2018-04-21 03:00:00,9930.249
2018-04-21 06:00:00,7580.2397
2018-04-21 09:00:00,9591.809
2018-04-21 12:00:00,10344.818
2018-04-21 15:00:00,9957.607
2018-04-21 18:00:00,9374.181
2018-04-21 21:00:00,10051.699
2018-04-22 00:00:00,8961.859
2018-04-22 03:00:00,7451.0156
2018-04-22 06:00:00,6276.484
2018-04-22 09:00:00,8529.957
2018-04-22 12:00:00,11519.497
2018-04-22 15:00:00,10706.5625
2018-04-22 18:00:00,10840.524
2018-04-22 21:00:00,11515.433
2018-04-23 00:00:00,8918.608
2018-04-23 03:00:00,8432.674
2018-04-23 06:00:00,7833.7744
2018-04-23 09:00:00,5538.5376
2018-04-23 12:00:00,10519.393
2018-04-23 15:00:00,10594.735
2018-04-23 18:00:00,9657.291
2018-04-23 21:00:00,11421.551
2018-04-24 00:00:00,11012.767
2018-04-24 03:00:00,7475.564
2018-04-24 06:00:00,7559.919
2018-04-24 09:00:00,8983.547
2018-04-24 12:00:00,11285.178
2018-04-24 15:00:00,11921.651
2018-04-24 18:00:00,9910.077
2018-04-24 21:00:00,11016.609
2018-04-25 00:00:00,9459.692
2018-04-25 03:00:00,7690.324
2018-04-25 06:00:00,7452.054
2018-04-25 09:00:00,7932.4604
2018-04-25 12:00:00,9359.868
2018-04-25 15:00:00,8592.373
2018-04-25 18:00:00,8091.168
2018-04-25 21:00:00,9441.901
2018-04-26 00:00:00,8362.745
2018-04-26 03:00:00,8114.617
2018-04-26 06:00:00,6975.6465
2018-04-26 09:00:00,8036.388
2018-04-26 12:00:00,8877.818
2018-04-26 15:00:00,8939.3
2018-04-26 18:00:00,9717.208
2018-04-26 21:00:00,10961.192
2018-04-27 00:00:00,11130.034
2018-04-27 03:00:00,9419.541
2018-04-27 06:00:00,5553.0845
2018-04-27 09:00:00,7512.5947
2018-04-27 12:00:00,11397.892
2018-04-27 15:00:00,10244.897
2018-04-27 18:00:00,8235.384
2018-04-27 21:00:00,8784.129
2018-04-28 00:00:00,8847.114
2018-04-28 03:00:00,7904.8447
2018-04-28 06:00:00,6495.946
2018-04-28 09:00:00,7770.168
2018-04-28 12:00:00,8912.676
2018-04-28 15:00:00,10258.968
2018-04-28 18:00:00,10482.747
2018-04-28 21:00:00,10277.901
2018-04-29 00:00:00,9332.122
2018-04-29 03:00:00,8414.59
2018-04-29 06:00:00,6991.2764
2018-04-29 09:00:00,8633.178
2018-04-29 12:00:00,6467.927
2018-04-29 15:00:00,586.3072
2018-04-29 18:00:00,6443.303
2018-04-29 21:00:00,7300.2583
2018-04-30 00:00:00,6838.9795
2018-04-30 03:00:00,6912.344
2018-04-30 06:00:00,4732.3423
2018-04-30 09:00:00,6041.206
2018-04-30 12:00:00,6891.319
2018-04-30 15:00:00,1641.2216
2018-04-30 18:00:00,6832.4497
2018-04-30 21:00:00,7290.82
2018-05-01 00:00:00,8966.921
2018-05-01 03:00:00,6323.557
2018-05-01 06:00:00,5832.279
2018-05-01 09:00:00,7719.601
2018-05-01 12:00:00,9208.401
2018-05-01 15:00:00,9965.662
2018-05-01 18:00:00,7885.308
2018-05-01 21:00:00,7609.485
2018-05-02 00:00:00,7086.39
2018-05-02 03:00:00,7048.834
2018-05-02 06:00:00,6458.3457
2018-05-02 09:00:00,9138.442
2018-05-02 12:00:00,7519.3867
2018-05-02 15:00:00,5366.11
2018-05-02 18:00:00,9101.188
2018-05-02 21:00:00,7736.966
2018-05-03 00:00:00,7156.9478
2018-05-03 03:00:00,4999.6606
2018-05-03 06:00:00,3607.43
2018-05-03 09:00:00,8930.813
2018-05-03 12:00:00,7393.7905
2018-05-03 15:00:00,7767.888
2018-05-03 18:00:00,8823.034
2018-05-03 21:00:00,7496.7783
2018-05-04 00:00:00,6494.072
2018-05-04 03:00:00,7549.898
2018-05-04 06:00:00,6525.83
2018-05-04 09:00:00,5916.769
2018-05-04 12:00:00,6489.0664
2018-05-04 15:00:00,8777.353
2018-05-04 18:00:00,8406.436
2018-05-04 21:00:00,10087.315
2018-05-05 00:00:00,8998.75
2018-05-05 03:00:00,8242.399
2018-05-05 06:00:00,5664.6216
2018-05-05 09:00:00,9817.551
2018-05-05 12:00:00,11108.359
2018-05-05 15:00:00,10828.557
2018-05-05 18:00:00,11049.448
2018-05-05 21:00:00,10379.959
2018-05-06 00:00:00,10369.923
2018-05-06 03:00:00,11181.321
2018-05-06 06:00:00,10837.206
2018-05-06 09:00:00,12082.624
2018-05-06 12:00:00,13349.967
2018-05-06 15:00:00,12712.285
2018-05-06 18:00:00,11716.924
2018-05-06 21:00:00,11822.985
2018-05-07 00:00:00,10058.438
2018-05-07 03:00:00,10267.036
2018-05-07 06:00:00,9743.196
2018-05-07 09:00:00,12581.315
2018-05-07 12:00:00,14195.019
2018-05-07 15:00:00,11955.425
2018-05-07 18:00:00,11161.8125
2018-05-07 21:00:00,11922.936
2018-05-08 00:00:00,11639.492
2018-05-08 03:00:00,11000.842
2018-05-08 06:00:00,8054.819
2018-05-08 09:00:00,10127.3545
2018-05-08 12:00:00,11767.403
2018-05-08 15:00:00,13529.814
2018-05-08 18:00:00,10744.06
2018-05-08 21:00:00,11190.952
2018-05-09 00:00:00,11067.586
2018-05-09 03:00:00,8991.85
2018-05-09 06:00:00,11073.833
2018-05-09 09:00:00,9710.015
2018-05-09 12:00:00,12865.376
2018-05-09 15:00:00,12818.202
2018-05-09 18:00:00,15824.606
2018-05-09 21:00:00,9777.212
2018-05-10 00:00:00,8189.152
2018-05-10 03:00:00,8921.057
2018-05-10 06:00:00,7800.341
2018-05-10 09:00:00,10459.788
2018-05-10 12:00:00,10762.862
2018-05-10 15:00:00,10461.978
2018-05-10 18:00:00,11399.202
2018-05-10 21:00:00,11571.304
2018-05-11 00:00:00,11018.359
2018-05-11 03:00:00,8982.66
2018-05-11 06:00:00,6906.9243
2018-05-11 09:00:00,10908.989
2018-05-11 12:00:00,12310.327
2018-05-11 15:00:00,11907.98
2018-05-11 18:00:00,11771.436
2018-05-11 21:00:00,10002.56
2018-05-12 00:00:00,9788.292
2018-05-12 03:00:00,10478.602
2018-05-12 06:00:00,5793.825
2018-05-12 09:00:00,8967.454
2018-05-12 12:00:00,10348.531
2018-05-12 15:00:00,10109.275
2018-05-12 18:00:00,10391.489
2018-05-12 21:00:00,8499.201
2018-05-13 00:00:00,7944.764
2018-05-13 03:00:00,7302.333
2018-05-13 06:00:00,8778.232
2018-05-13 09:00:00,11695.974
2018-05-13 12:00:00,8003.364
2018-05-13 15:00:00,10764.635
2018-05-13 18:00:00,8317.163
2018-05-13 21:00:00,10074.214
2018-05-14 00:00:00,10293.807
2018-05-14 03:00:00,7390.6826
2018-05-14 06:00:00,6986.163
2018-05-14 09:00:00,10307.002
2018-05-14 12:00:00,8645.964
2018-05-14 15:00:00,9435.647
2018-05-14 18:00:00,7945.958
2018-05-14 21:00:00,8974.402
2018-05-15 00:00:00,9289.711
2018-05-15 03:00:00,7879.1313
2018-05-15 06:00:00,7115.029
2018-05-15 09:00:00,8313.654
2018-05-15 12:00:00,9512.563
2018-05-15 15:00:00,9892.561
2018-05-15 18:00:00,9735.659
2018-05-15 21:00:00,8179.7266
2018-05-16 00:00:00,6887.478
2018-05-16 03:00:00,8415.614
2018-05-16 06:00:00,7617.123
2018-05-16 09:00:00,9195.618
2018-05-16 12:00:00,11619.601
2018-05-16 15:00:00,10950.206
2018-05-16 18:00:00,10646.862
2018-05-16 21:00:00,9954.053
2018-05-17 00:00:00,10898.36
2018-05-17 03:00:00,12535.582
2018-05-17 06:00:00,9297.255
2018-05-17 09:00:00,11847.511
2018-05-17 12:00:00,12969.073
2018-05-17 15:00:00,11665.781
2018-05-17 18:00:00,11730.664
2018-05-17 21:00:00,10540.779
2018-05-18 00:00:00,10749.078
2018-05-18 03:00:00,11463.727
2018-05-18 06:00:00,8320.9375
2018-05-18 09:00:00,10939.915
2018-05-18 12:00:00,11564.959
2018-05-18 15:00:00,11954.478
2018-05-18 18:00:00,11555.267
2018-05-18 21:00:00,10579.727
2018-05-19 00:00:00,8957.399
2018-05-19 03:00:00,9123.033
2018-05-19 06:00:00,10430.943
2018-05-19 09:00:00,12176.258
2018-05-19 12:00:00,13757.8545
2018-05-19 15:00:00,12772.663
2018-05-19 18:00:00,12495.817
2018-05-19 21:00:00,8988.995
2018-05-20 00:00:00,9740.754
2018-05-20 03:00:00,8538.783
2018-05-20 06:00:00,8982.495
2018-05-20 09:00:00,11408.175
2018-05-20 12:00:00,13963.685
2018-05-20 15:00:00,13758.993
2018-05-20 18:00:00,11602.728
2018-05-20 21:00:00,10083.647
2018-05-21 00:00:00,10254.634
2018-05-21 03:00:00,9561.023
2018-05-21 06:00:00,8293.945
2018-05-21 09:00:00,13321.705
2018-05-21 12:00:00,12694.93
2018-05-21 15:00:00,11809.978
2018-05-21 18:00:00,12271.659
2018-05-21 21:00:00,12550.044
2018-05-22 00:00:00,9265.771
2018-05-22 03:00:00,10311.245
2018-05-22 06:00:00,10156.1045
2018-05-22 09:00:00,12856.182
2018-05-22 12:00:00,13236.256
2018-05-22 15:00:00,12136.451
2018-05-22 18:00:00,13125.686
2018-05-22 21:00:00,12520.22
2018-05-23 00:00:00,10779.438
2018-05-23 03:00:00,9866.386
2018-05-23 06:00:00,9479.05
2018-05-23 09:00:00,13274.219
2018-05-23 12:00:00,13219.495
2018-05-23 15:00:00,12783.991
2018-05-23 18:00:00,12966.588
2018-05-23 21:00:00,11741.428
2018-05-24 00:00:00,10518.196
2018-05-24 03:00:00,13850.939
2018-05-24 06:00:00,8874.663
2018-05-24 09:00:00,11568.952
2018-05-24 12:00:00,13801.437
2018-05-24 15:00:00,13284.94
2018-05-24 18:00:00,14784.185
2018-05-24 21:00:00,10161.304
2018-05-25 00:00:00,9714.558
2018-05-25 03:00:00,7810.6064
2018-05-25 06:00:00,8511.4375
2018-05-25 09:00:00,11799.139
2018-05-25 12:00:00,14753.468
2018-05-25 15:00:00,14423.774
2018-05-25 18:00:00,14373.642
2018-05-25 21:00:00,11450.118
2018-05-26 00:00:00,13294.276
2018-05-26 03:00:00,9314.282
2018-05-26 06:00:00,9643.934
2018-05-26 09:00:00,12980.254
2018-05-26 12:00:00,12598.196
2018-05-26 15:00:00,11051.523
2018-05-26 18:00:00,13331.489
2018-05-26 21:00:00,12398.393
2018-05-27 00:00:00,12267.787
2018-05-27 03:00:00,10564.294
2018-05-27 06:00:00,11521.749
2018-05-27 09:00:00,12285.276
2018-05-27 12:00:00,13641.565
2018-05-27 15:00:00,14061.972
2018-05-27 18:00:00,12381.902
2018-05-27 21:00:00,9788.043
2018-05-28 00:00:00,12336.309
2018-05-28 03:00:00,10063.315
2018-05-28 06:00:00,7951.892
2018-05-28 09:00:00,12282.084
2018-05-28 12:00:00,12543.079
2018-05-28 15:00:00,13005.013
2018-05-28 18:00:00,11449.2295
2018-05-28 21:00:00,11115.19
2018-05-29 00:00:00,11577.132
2018-05-29 03:00:00,8931.717
2018-05-29 06:00:00,8940.286
2018-05-29 09:00:00,10522.571
2018-05-29 12:00:00,13106.576
2018-05-29 15:00:00,12949.061
2018-05-29 18:00:00,12977.391
2018-05-29 21:00:00,12699.602
2018-05-30 00:00:00,10631.235
2018-05-30 03:00:00,11519.285
2018-05-30 06:00:00,9786.396
2018-05-30 09:00:00,13617.061
2018-05-30 12:00:00,11449.188
2018-05-30 15:00:00,11361.699
2018-05-30 18:00:00,11077.98
2018-05-30 21:00:00,10833.714
2018-05-31 00:00:00,9440.664
2018-05-31 03:00:00,8983.962
2018-05-31 06:00:00,7977.3193
2018-05-31 09:00:00,11425.57
2018-05-31 12:00:00,13502.92
2018-05-31 15:00:00,13371.082
2018-05-31 18:00:00,13283.556
2018-05-31 21:00:00,12382.957
2018-06-01 00:00:00,10488.324
2018-06-01 03:00:00,8193.393
2018-06-01 06:00:00,8370.743
2018-06-01 09:00:00,11207.133
2018-06-01 12:00:00,13380.105
2018-06-01 15:00:00,13428.282
2018-06-01 18:00:00,13279.065
2018-06-01 21:00:00,12140.296
2018-06-02 00:00:00,11588.279
2018-06-02 03:00:00,7087.1787
2018-06-02 06:00:00,7027.5273
2018-06-02 09:00:00,9103.401
2018-06-02 12:00:00,12232.147
2018-06-02 15:00:00,13770.376
2018-06-02 18:00:00,12599.948
2018-06-02 21:00:00,11813.238
2018-06-03 00:00:00,9055.471
2018-06-03 03:00:00,9664.208
2018-06-03 06:00:00,10003.309
2018-06-03 09:00:00,7265.4336
2018-06-03 12:00:00,9536.925
2018-06-03 15:00:00,9923.649
2018-06-03 18:00:00,6979.7505
2018-06-03 21:00:00,10313.441
2018-06-04 00:00:00,7751.133
2018-06-04 03:00:00,6553.0776
2018-06-04 06:00:00,6457.777
2018-06-04 09:00:00,8702.481
2018-06-04 12:00:00,10591.364
2018-06-04 15:00:00,11272.871
2018-06-04 18:00:00,11212.509
2018-06-04 21:00:00,8968.095
2018-06-05 00:00:00,7986.9727
2018-06-05 03:00:00,7859.8574
2018-06-05 06:00:00,6890.392
2018-06-05 09:00:00,8399.277
2018-06-05 12:00:00,12618.057
2018-06-05 15:00:00,11041.882
2018-06-05 18:00:00,8302.497
2018-06-05 21:00:00,8485.305
2018-06-06 00:00:00,11150.103
2018-06-06 03:00:00,10207.803
2018-06-06 06:00:00,9619.652
2018-06-06 09:00:00,9416.811
2018-06-06 12:00:00,10649.105
2018-06-06 15:00:00,8685.198
2018-06-06 18:00:00,8294.07
2018-06-06 21:00:00,11420.147
2018-06-07 00:00:00,8992.935
2018-06-07 03:00:00,6942.5264
2018-06-07 06:00:00,7234.0034
2018-06-07 09:00:00,10333.38
2018-06-07 12:00:00,12500.029
2018-06-07 15:00:00,10630.646
2018-06-07 18:00:00,10116.053
2018-06-07 21:00:00,10675.156
2018-06-08 00:00:00,8862.997
2018-06-08 03:00:00,8574.405
2018-06-08 06:00:00,8755.772
2018-06-08 09:00:00,10870.827
2018-06-08 12:00:00,14156.91
2018-06-08 15:00:00,13597.102
2018-06-08 18:00:00,13347.719
2018-06-08 21:00:00,12314.207
2018-06-09 00:00:00,11490.242
2018-06-09 03:00:00,5679.005
2018-06-09 06:00:00,6813.157
2018-06-09 09:00:00,11260.708
2018-06-09 12:00:00,13788.683
2018-06-09 15:00:00,13569.694
2018-06-09 18:00:00,9410.934
2018-06-09 21:00:00,11497.917
2018-06-10 00:00:00,7478.3037
2018-06-10 03:00:00,5561.016
2018-06-10 06:00:00,7914.2544
2018-06-10 09:00:00,10814.094
2018-06-10 12:00:00,15013.507
2018-06-10 15:00:00,15810.984
2018-06-10 18:00:00,12161.619
2018-06-10 21:00:00,12040.726
2018-06-11 00:00:00,7900.641
2018-06-11 03:00:00,9643.699
2018-06-11 06:00:00,9452.5625
2018-06-11 09:00:00,9194.61
2018-06-11 12:00:00,11495.824
2018-06-11 15:00:00,11653.612
2018-06-11 18:00:00,12253.215
2018-06-11 21:00:00,11718.48
2018-06-12 00:00:00,9894.014
2018-06-12 03:00:00,10889.481
2018-06-12 06:00:00,9261.352
2018-06-12 09:00:00,7129.649
2018-06-12 12:00:00,13445.35
2018-06-12 15:00:00,16030.07
2018-06-12 18:00:00,13649.959
2018-06-12 21:00:00,12947.499
2018-06-13 00:00:00,8506.762
2018-06-13 03:00:00,6654.4805
2018-06-13 06:00:00,6230.225
2018-06-13 09:00:00,9426.576
2018-06-13 12:00:00,10780.214
2018-06-13 15:00:00,9893.604
2018-06-13 18:00:00,13014.756
2018-06-13 21:00:00,10475.86
2018-06-14 00:00:00,8726.284
2018-06-14 03:00:00,8750.876
2018-06-14 06:00:00,6914.785
2018-06-14 09:00:00,9673.694
2018-06-14 12:00:00,12824.92
2018-06-14 15:00:00,13436.477
2018-06-14 18:00:00,13340.097
2018-06-14 21:00:00,13262.266
2018-06-15 00:00:00,11210.768
2018-06-15 03:00:00,7693.2656
2018-06-15 06:00:00,7711.1904
2018-06-15 09:00:00,11122.319
2018-06-15 12:00:00,14172.148
2018-06-15 15:00:00,11639.247
2018-06-15 18:00:00,13951.473
2018-06-15 21:00:00,12215.471
2018-06-16 00:00:00,12216.881
2018-06-16 03:00:00,8695.848
2018-06-16 06:00:00,8670.512
2018-06-16 09:00:00,12270.39
2018-06-16 12:00:00,13659.258
2018-06-16 15:00:00,13587.478
2018-06-16 18:00:00,12564.633
2018-06-16 21:00:00,11389.094
2018-06-17 00:00:00,11561.158
2018-06-17 03:00:00,10552.607
2018-06-17 06:00:00,9002.85
2018-06-17 09:00:00,13065.96
2018-06-17 12:00:00,13845.762
2018-06-17 15:00:00,11235.887
2018-06-17 18:00:00,10910.82
2018-06-17 21:00:00,11594.057
2018-06-18 00:00:00,11450.504
2018-06-18 03:00:00,8810.505
2018-06-18 06:00:00,7938.6685
2018-06-18 09:00:00,11294.703
2018-06-18 12:00:00,12226.176
2018-06-18 15:00:00,13481.578
2018-06-18 18:00:00,12810.982
2018-06-18 21:00:00,13441.634
2018-06-19 00:00:00,12369.247
2018-06-19 03:00:00,9063.212
2018-06-19 06:00:00,9357.165
2018-06-19 09:00:00,12762.742
2018-06-19 12:00:00,12985.79
2018-06-19 15:00:00,13132.644
2018-06-19 18:00:00,12817.614
2018-06-19 21:00:00,14181.204
2018-06-20 00:00:00,12881.217
2018-06-20 03:00:00,11034.673
2018-06-20 06:00:00,10402.99
2018-06-20 09:00:00,16936.836
2018-06-20 12:00:00,15958.71
2018-06-20 15:00:00,16760.104
2018-06-20 18:00:00,16182.003
2018-06-20 21:00:00,16201.744
2018-06-21 00:00:00,14608.613
2018-06-21 03:00:00,11983.0205
2018-06-21 06:00:00,10758.67
2018-06-21 09:00:00,14014.278
2018-06-21 12:00:00,16702.404
2018-06-21 15:00:00,16808.025
2018-06-21 18:00:00,15888.772
2018-06-21 21:00:00,15998.545
2018-06-22 00:00:00,15856.138
2018-06-22 03:00:00,12356.778
2018-06-22 06:00:00,11009.633
2018-06-22 09:00:00,16465.078
2018-06-22 12:00:00,18455.064
2018-06-22 15:00:00,16266.195
2018-06-22 18:00:00,15090.43
2018-06-22 21:00:00,15671.686
2018-06-23 00:00:00,13987.444
2018-06-23 03:00:00,11225.802
2018-06-23 06:00:00,9404.676
2018-06-23 09:00:00,13347.252
2018-06-23 12:00:00,13418.31
2018-06-23 15:00:00,13873.719
2018-06-23 18:00:00,14319.422
2018-06-23 21:00:00,13866.464
2018-06-24 00:00:00,13188.446
2018-06-24 03:00:00,10522.745
2018-06-24 06:00:00,8015.595
2018-06-24 09:00:00,14850.964
2018-06-24 12:00:00,13933.631
2018-06-24 15:00:00,16241.741
2018-06-24 18:00:00,15406.344
2018-06-24 21:00:00,14189.298
2018-06-25 00:00:00,15053.574
2018-06-25 03:00:00,13571.174
2018-06-25 06:00:00,12596.186
2018-06-25 09:00:00,16318.241
2018-06-25 12:00:00,16866.568
2018-06-25 15:00:00,15804.381
2018-06-25 18:00:00,16182.76
2018-06-25 21:00:00,14648.576
2018-06-26 00:00:00,14722.534
2018-06-26 03:00:00,11862.312
2018-06-26 06:00:00,9660.889
2018-06-26 09:00:00,16069.802
2018-06-26 12:00:00,17824.195
2018-06-26 15:00:00,16230.03
2018-06-26 18:00:00,15770.378
2018-06-26 21:00:00,14335.175
2018-06-27 00:00:00,15023.665
2018-06-27 03:00:00,11848.647
2018-06-27 06:00:00,9015.283
2018-06-27 09:00:00,15907.296
2018-06-27 12:00:00,16869.979
2018-06-27 15:00:00,13837.351
2018-06-27 18:00:00,16295.925
2018-06-27 21:00:00,15485.438
2018-06-28 00:00:00,16580.43
2018-06-28 03:00:00,12035.173
2018-06-28 06:00:00,10196.588
2018-06-28 09:00:00,14744.281
2018-06-28 12:00:00,18896.729
2018-06-28 15:00:00,18390.264
2018-06-28 18:00:00,14133.752
2018-06-28 21:00:00,12891.181
2018-06-29 00:00:00,11035.858
2018-06-29 03:00:00,12594.133
2018-06-29 06:00:00,10960.258
2018-06-29 09:00:00,12639.559
2018-06-29 12:00:00,15395.924
2018-06-29 15:00:00,15052.992
2018-06-29 18:00:00,14619.96
2018-06-29 21:00:00,14931.356
2018-06-30 00:00:00,14748.804
2018-06-30 03:00:00,13875.449
2018-06-30 06:00:00,10209.592
2018-06-30 09:00:00,15139.623
2018-06-30 12:00:00,15883.551
2018-06-30 15:00:00,17996.49
2018-06-30 18:00:00,18265.895
2018-06-30 21:00:00,17196.102
2018-07-01 00:00:00,15524.049
2018-07-01 03:00:00,11689.685
2018-07-01 06:00:00,10355.208
2018-07-01 09:00:00,15060.039
2018-07-01 12:00:00,15689.987
2018-07-01 15:00:00,17028.783
2018-07-01 18:00:00,13785.342
2018-07-01 21:00:00,14495.151
2018-07-02 00:00:00,13633.499
2018-07-02 03:00:00,11285.015
2018-07-02 06:00:00,12874.072
2018-07-02 09:00:00,14148.356
2018-07-02 12:00:00,16127.454
2018-07-02 15:00:00,13082.622
2018-07-02 18:00:00,15479.315
2018-07-02 21:00:00,14551.855
2018-07-03 00:00:00,14089.13
2018-07-03 03:00:00,12665.643
2018-07-03 06:00:00,8494.547
2018-07-03 09:00:00,15165.879
2018-07-03 12:00:00,15793.011
2018-07-03 15:00:00,17052.975
2018-07-03 18:00:00,16089.696
2018-07-03 21:00:00,17017.33
2018-07-04 00:00:00,13673.181
2018-07-04 03:00:00,13369.443
2018-07-04 06:00:00,11865.228
2018-07-04 09:00:00,14458.769
2018-07-04 12:00:00,15030.745
2018-07-04 15:00:00,15726.947
2018-07-04 18:00:00,14109.174
2018-07-04 21:00:00,15114.66
2018-07-05 00:00:00,14144.685
2018-07-05 03:00:00,13628.949
2018-07-05 06:00:00,12250.334
2018-07-05 09:00:00,13733.417
2018-07-05 12:00:00,14216.473
2018-07-05 15:00:00,15346.398
2018-07-05 18:00:00,12699.308
2018-07-05 21:00:00,14576.368
2018-07-06 00:00:00,13633.03
2018-07-06 03:00:00,11155.036
2018-07-06 06:00:00,11250.196
2018-07-06 09:00:00,11216.375
2018-07-06 12:00:00,12792.35
2018-07-06 15:00:00,12188.789
2018-07-06 18:00:00,13336.026
2018-07-06 21:00:00,14333.205
2018-07-07 00:00:00,13441.972
2018-07-07 03:00:00,11904.439
2018-07-07 06:00:00,8649.508
2018-07-07 09:00:00,12458.66
2018-07-07 12:00:00,15103.957
2018-07-07 15:00:00,14925.53
2018-07-07 18:00:00,14252.115
2018-07-07 21:00:00,15930.32
2018-07-08 00:00:00,15761.85
2018-07-08 03:00:00,11239.8125
2018-07-08 06:00:00,10957.304
2018-07-08 09:00:00,14388.275
2018-07-08 12:00:00,15362.93
2018-07-08 15:00:00,18330.22
2018-07-08 18:00:00,16721.955
2018-07-08 21:00:00,14089.393
2018-07-09 00:00:00,13641.371
2018-07-09 03:00:00,13442.742
2018-07-09 06:00:00,10550.994
2018-07-09 09:00:00,13466.706
2018-07-09 12:00:00,16967.877
2018-07-09 15:00:00,14667.16
2018-07-09 18:00:00,17712.79
2018-07-09 21:00:00,14519.072
2018-07-10 00:00:00,14242.673
2018-07-10 03:00:00,12185.318
2018-07-10 06:00:00,10472.947
2018-07-10 09:00:00,12786.277
2018-07-10 12:00:00,18052.906
2018-07-10 15:00:00,16158.409
2018-07-10 18:00:00,15798.123
2018-07-10 21:00:00,17071.771
2018-07-11 00:00:00,15468.941
2018-07-11 03:00:00,13016.035
2018-07-11 06:00:00,9722.52
2018-07-11 09:00:00,14981.88
2018-07-11 12:00:00,16426.133
2018-07-11 15:00:00,15282.138
2018-07-11 18:00:00,17225.398
2018-07-11 21:00:00,17840.76
2018-07-12 00:00:00,15633.556
2018-07-12 03:00:00,10205.497
2018-07-12 06:00:00,10519.536
2018-07-12 09:00:00,14376.887
2018-07-12 12:00:00,17007.615
2018-07-12 15:00:00,15269.888
2018-07-12 18:00:00,15676.834
2018-07-12 21:00:00,16787.457
2018-07-13 00:00:00,13749.785
2018-07-13 03:00:00,12839.823
2018-07-13 06:00:00,12648.169
2018-07-13 09:00:00,13388.289
2018-07-13 12:00:00,15399.968
2018-07-13 15:00:00,13509.36
2018-07-13 18:00:00,14736.574
2018-07-13 21:00:00,16837.55
2018-07-14 00:00:00,15145.891
2018-07-14 03:00:00,10984.64
2018-07-14 06:00:00,10693.2705
2018-07-14 09:00:00,16627.908
2018-07-14 12:00:00,16798.346
2018-07-14 15:00:00,16222.778
2018-07-14 18:00:00,16886.64
2018-07-14 21:00:00,17155.082
2018-07-15 00:00:00,15655.093
2018-07-15 03:00:00,11803.523
2018-07-15 06:00:00,10916.491
2018-07-15 09:00:00,16325.693
2018-07-15 12:00:00,16018.361
2018-07-15 15:00:00,14320.51
2018-07-15 18:00:00,15798.828
2018-07-15 21:00:00,14176.913
2018-07-16 00:00:00,15514.093
2018-07-16 03:00:00,10343.171
2018-07-16 06:00:00,10664.526
2018-07-16 09:00:00,10528.701
2018-07-16 12:00:00,12045.513
2018-07-16 15:00:00,13044.222
2018-07-16 18:00:00,14287.591
2018-07-16 21:00:00,14305.786
2018-07-17 00:00:00,13692.714
2018-07-17 03:00:00,9794.393
2018-07-17 06:00:00,11868.353
2018-07-17 09:00:00,14284.321
2018-07-17 12:00:00,15417.93
2018-07-17 15:00:00,16418.656
2018-07-17 18:00:00,15113.836
2018-07-17 21:00:00,15150.86
2018-07-18 00:00:00,16473.137
2018-07-18 03:00:00,11530.917
2018-07-18 06:00:00,9291.484
2018-07-18 09:00:00,11948.04
2018-07-18 12:00:00,15649.563
2018-07-18 15:00:00,16836.56
2018-07-18 18:00:00,14473.364
2018-07-18 21:00:00,16001.6875
2018-07-19 00:00:00,16365.163
2018-07-19 03:00:00,13457.707
2018-07-19 06:00:00,10440.355
2018-07-19 09:00:00,14045.727
2018-07-19 12:00:00,15670.431
2018-07-19 15:00:00,16930.434
2018-07-19 18:00:00,16009.897
2018-07-19 21:00:00,15807.875
2018-07-20 00:00:00,16347.52
2018-07-20 03:00:00,11156.388
2018-07-20 06:00:00,9893.719
2018-07-20 09:00:00,14236.365
2018-07-20 12:00:00,15295.382
2018-07-20 15:00:00,17182.604
2018-07-20 18:00:00,17239.53
2018-07-20 21:00:00,16470.424
2018-07-21 00:00:00,15155.967
2018-07-21 03:00:00,14048.1045
2018-07-21 06:00:00,11364.3
2018-07-21 09:00:00,14040.524
2018-07-21 12:00:00,14309.397
2018-07-21 15:00:00,15421.441
2018-07-21 18:00:00,14232.775
2018-07-21 21:00:00,14936.83
2018-07-22 00:00:00,13423.32
2018-07-22 03:00:00,13220.607
2018-07-22 06:00:00,11417.4375
2018-07-22 09:00:00,13027.291
2018-07-22 12:00:00,15709.767
2018-07-22 15:00:00,13171.949
2018-07-22 18:00:00,14329.005
2018-07-22 21:00:00,14525.127
2018-07-23 00:00:00,14445.321
2018-07-23 03:00:00,11471.723
2018-07-23 06:00:00,10982.78
2018-07-23 09:00:00,13744.774
2018-07-23 12:00:00,15186.267
2018-07-23 15:00:00,17129.115
2018-07-23 18:00:00,17584.906
2018-07-23 21:00:00,15510.667
2018-07-24 00:00:00,15963.06
2018-07-24 03:00:00,12952.654
2018-07-24 06:00:00,13049.5205
2018-07-24 09:00:00,17019.705
2018-07-24 12:00:00,15759.821
2018-07-24 15:00:00,17008.047
2018-07-24 18:00:00,16702.77
2018-07-24 21:00:00,16149.493
2018-07-25 00:00:00,16223.043
2018-07-25 03:00:00,12529.683
2018-07-25 06:00:00,9979.204
2018-07-25 09:00:00,15825.802
2018-07-25 12:00:00,14876.067
2018-07-25 15:00:00,16808.871
2018-07-25 18:00:00,18295.395
2018-07-25 21:00:00,17136.875
2018-07-26 00:00:00,16579.55
2018-07-26 03:00:00,13641.43
2018-07-26 06:00:00,8882.103
2018-07-26 09:00:00,16127.585
2018-07-26 12:00:00,17408.73
2018-07-26 15:00:00,17047.703
2018-07-26 18:00:00,16132.162
2018-07-26 21:00:00,16709.625
2018-07-27 00:00:00,16923.104
2018-07-27 03:00:00,14046.6
2018-07-27 06:00:00,10332.654
2018-07-27 09:00:00,16554.754
2018-07-27 12:00:00,17749.703
2018-07-27 15:00:00,16237.856
2018-07-27 18:00:00,17302.975
2018-07-27 21:00:00,14822.87
2018-07-28 00:00:00,16817.777
2018-07-28 03:00:00,14136.441
2018-07-28 06:00:00,11401.16
2018-07-28 09:00:00,15274.997
2018-07-28 12:00:00,15737.083
2018-07-28 15:00:00,17093.906
2018-07-28 18:00:00,17032.37
2018-07-28 21:00:00,17014.021
2018-07-29 00:00:00,16477.049
2018-07-29 03:00:00,12693.114
2018-07-29 06:00:00,10711.511
2018-07-29 09:00:00,11462.124
2018-07-29 12:00:00,15953.224
2018-07-29 15:00:00,17039.867
2018-07-29 18:00:00,16869.918
2018-07-29 21:00:00,16347.043
2018-07-30 00:00:00,16203.323
2018-07-30 03:00:00,14056.687
2018-07-30 06:00:00,11542.823
2018-07-30 09:00:00,15630.205
2018-07-30 12:00:00,16362.073
2018-07-30 15:00:00,17488.006
2018-07-30 18:00:00,16761.986
2018-07-30 21:00:00,17672.146
2018-07-31 00:00:00,15997.541
2018-07-31 03:00:00,11520.682
2018-07-31 06:00:00,10244.248
2018-07-31 09:00:00,14930.655
2018-07-31 12:00:00,18036.89
2018-07-31 15:00:00,16047.467
2018-07-31 18:00:00,15627.014
2018-07-31 21:00:00,17210.176
2018-08-01 00:00:00,13477.106
2018-08-01 03:00:00,9655.878
2018-08-01 06:00:00,11330.737
2018-08-01 09:00:00,13593.547
2018-08-01 12:00:00,13351.249
2018-08-01 15:00:00,12672.023
2018-08-01 18:00:00,13131.883
2018-08-01 21:00:00,13719.056
2018-08-02 00:00:00,14482.411
2018-08-02 03:00:00,15090.329
2018-08-02 06:00:00,12306.082
2018-08-02 09:00:00,14293.63
2018-08-02 12:00:00,11981.299
2018-08-02 15:00:00,10057.191
2018-08-02 18:00:00,10445.849
2018-08-02 21:00:00,13514.554
2018-08-03 00:00:00,12969.375
2018-08-03 03:00:00,12891.389
2018-08-03 06:00:00,11760.4795
2018-08-03 09:00:00,13448.983
2018-08-03 12:00:00,11928.06
2018-08-03 15:00:00,9826.8545
2018-08-03 18:00:00,12825.022
2018-08-03 21:00:00,13600.5625
2018-08-04 00:00:00,13827.203
2018-08-04 03:00:00,10209.327
2018-08-04 06:00:00,12287.868
2018-08-04 09:00:00,12042.769
2018-08-04 12:00:00,10249.508
2018-08-04 15:00:00,10618.004
2018-08-04 18:00:00,12860.047
2018-08-04 21:00:00,13260.704
2018-08-05 00:00:00,14206.938
2018-08-05 03:00:00,11176.955
2018-08-05 06:00:00,9262.336
2018-08-05 09:00:00,13300.5
2018-08-05 12:00:00,11674.275
2018-08-05 15:00:00,8394.554
2018-08-05 18:00:00,11663.851
2018-08-05 21:00:00,12828.825
2018-08-06 00:00:00,13950.7295
2018-08-06 03:00:00,13441.767
2018-08-06 06:00:00,10995.509
2018-08-06 09:00:00,13496.953
2018-08-06 12:00:00,12939.075
2018-08-06 15:00:00,11761.556
2018-08-06 18:00:00,11685.782
2018-08-06 21:00:00,12594.711
2018-08-07 00:00:00,13383.218
2018-08-07 03:00:00,11494.416
2018-08-07 06:00:00,12295.719
2018-08-07 09:00:00,12368.488
2018-08-07 12:00:00,14487.4
2018-08-07 15:00:00,10242.624
2018-08-07 18:00:00,13023.374
2018-08-07 21:00:00,13854.985
2018-08-08 00:00:00,13161.809
2018-08-08 03:00:00,11626.031
2018-08-08 06:00:00,11039.188
2018-08-08 09:00:00,10565.869
2018-08-08 12:00:00,14969.519
2018-08-08 15:00:00,12228.366
2018-08-08 18:00:00,12242.095
2018-08-08 21:00:00,13666.874
2018-08-09 00:00:00,15138.827
2018-08-09 03:00:00,10224.847
2018-08-09 06:00:00,6773.439
2018-08-09 09:00:00,9128.593
2018-08-09 12:00:00,14945.341
2018-08-09 15:00:00,15497.053
2018-08-09 18:00:00,13657.688
2018-08-09 21:00:00,14933.097
2018-08-10 00:00:00,13266.286
2018-08-10 03:00:00,9957.997
2018-08-10 06:00:00,11630.003
2018-08-10 09:00:00,12623.385
2018-08-10 12:00:00,13942.117
2018-08-10 15:00:00,12327.241
2018-08-10 18:00:00,12705.879
2018-08-10 21:00:00,12608.169
2018-08-11 00:00:00,13381.724
2018-08-11 03:00:00,12444.763
2018-08-11 06:00:00,11615.084
2018-08-11 09:00:00,13873.498
2018-08-11 12:00:00,13871.107
2018-08-11 15:00:00,14481.226
2018-08-11 18:00:00,13761.319
2018-08-11 21:00:00,13872.3955
2018-08-12 00:00:00,13588.55
2018-08-12 03:00:00,14014.045
2018-08-12 06:00:00,13439.3125
2018-08-12 09:00:00,14552.777
2018-08-12 12:00:00,17117.492
2018-08-12 15:00:00,14531.266
2018-08-12 18:00:00,11944.677
2018-08-12 21:00:00,12649.582
2018-08-13 00:00:00,13508.809
2018-08-13 03:00:00,12247.285
2018-08-13 06:00:00,11449.659
2018-08-13 09:00:00,11523.06
2018-08-13 12:00:00,15072.701
2018-08-13 15:00:00,13933.698
2018-08-13 18:00:00,11768.114
2018-08-13 21:00:00,14191.57
2018-08-14 00:00:00,13973.069
2018-08-14 03:00:00,12326.095
2018-08-14 06:00:00,13574.906
2018-08-14 09:00:00,14450.32
2018-08-14 12:00:00,14296.72
2018-08-14 15:00:00,14497.288
2018-08-14 18:00:00,12426.76
2018-08-14 21:00:00,14925.421
2018-08-15 00:00:00,11938.833
2018-08-15 03:00:00,12466.591
2018-08-15 06:00:00,9773.963
2018-08-15 09:00:00,13791.33
2018-08-15 12:00:00,14105.78
2018-08-15 15:00:00,14116.123
2018-08-15 18:00:00,13853.709
2018-08-15 21:00:00,13500.954
2018-08-16 00:00:00,14823.209
2018-08-16 03:00:00,12781.254
2018-08-16 06:00:00,11309.112
2018-08-16 09:00:00,13673.746
2018-08-16 12:00:00,14400.15
2018-08-16 15:00:00,16300.407
2018-08-16 18:00:00,12520.827
2018-08-16 21:00:00,14100.579
2018-08-17 00:00:00,13539.327
2018-08-17 03:00:00,12798.019
2018-08-17 06:00:00,10822.68
2018-08-17 09:00:00,9091.087
2018-08-17 12:00:00,13756.78
2018-08-17 15:00:00,12964.432
2018-08-17 18:00:00,13871.469
2018-08-17 21:00:00,13179.553
2018-08-18 00:00:00,12347.7705
2018-08-18 03:00:00,10901.756
2018-08-18 06:00:00,9479.639
2018-08-18 09:00:00,11841.629
2018-08-18 12:00:00,13121.887
2018-08-18 15:00:00,11910.41
2018-08-18 18:00:00,11773.118
2018-08-18 21:00:00,14740.541
2018-08-19 00:00:00,12930.907
2018-08-19 03:00:00,10384.392
2018-08-19 06:00:00,9312.306
2018-08-19 09:00:00,9668.151
2018-08-19 12:00:00,13747.016
2018-08-19 15:00:00,13836.042
2018-08-19 18:00:00,13140.956
2018-08-19 21:00:00,13525.507
2018-08-20 00:00:00,13288.938
2018-08-20 03:00:00,10374.241
2018-08-20 06:00:00,11189.537
2018-08-20 09:00:00,12514.232
2018-08-20 12:00:00,13175.725
2018-08-20 15:00:00,13310.887
2018-08-20 18:00:00,12360.4795
2018-08-20 21:00:00,13015.112
2018-08-21 00:00:00,11732.0205
2018-08-21 03:00:00,11777.426
2018-08-21 06:00:00,11441.789
2018-08-21 09:00:00,10517.132
2018-08-21 12:00:00,14999.047
2018-08-21 15:00:00,12998.968
2018-08-21 18:00:00,14008.052
2018-08-21 21:00:00,12068.049
2018-08-22 00:00:00,13839.097
2018-08-22 03:00:00,11722.418
2018-08-22 06:00:00,11322.663
2018-08-22 09:00:00,12132.342
2018-08-22 12:00:00,14770.018
2018-08-22 15:00:00,14258.833
2018-08-22 18:00:00,14444.227
2018-08-22 21:00:00,14087.063
2018-08-23 00:00:00,13917.482
2018-08-23 03:00:00,13084.05
2018-08-23 06:00:00,12073.969
2018-08-23 09:00:00,13319.212
2018-08-23 12:00:00,16904.83
2018-08-23 15:00:00,15228.542
2018-08-23 18:00:00,14133.447
2018-08-23 21:00:00,11316.785
2018-08-24 00:00:00,13431.526
2018-08-24 03:00:00,11510.6875
2018-08-24 06:00:00,11639.525
2018-08-24 09:00:00,11450.987
2018-08-24 12:00:00,15451.262
2018-08-24 15:00:00,15857.064
2018-08-24 18:00:00,12874.427
2018-08-24 21:00:00,13963.467
2018-08-25 00:00:00,12733.002
2018-08-25 03:00:00,12343.631
2018-08-25 06:00:00,10298.599
2018-08-25 09:00:00,11518.25
2018-08-25 12:00:00,13367.989
2018-08-25 15:00:00,13997.589
2018-08-25 18:00:00,12268.923
2018-08-25 21:00:00,13903.76
2018-08-26 00:00:00,14310.313
2018-08-26 03:00:00,11520.744
2018-08-26 06:00:00,12120.091
2018-08-26 09:00:00,12869.574
2018-08-26 12:00:00,14371.1455
2018-08-26 15:00:00,13634.02
2018-08-26 18:00:00,12336.619
2018-08-26 21:00:00,14458.923
2018-08-27 00:00:00,14082.312
2018-08-27 03:00:00,12348.793
2018-08-27 06:00:00,12350.895
2018-08-27 09:00:00,12428.038
2018-08-27 12:00:00,13698.607
2018-08-27 15:00:00,13366.609
2018-08-27 18:00:00,12714.416
2018-08-27 21:00:00,14362.759
2018-08-28 00:00:00,13626.821
2018-08-28 03:00:00,14258.678
2018-08-28 06:00:00,10965.88
2018-08-28 09:00:00,11248.084
2018-08-28 12:00:00,14094.107
2018-08-28 15:00:00,12687.315
2018-08-28 18:00:00,12457.52
2018-08-28 21:00:00,13549.045
2018-08-29 00:00:00,13597.818
2018-08-29 03:00:00,11550.275
2018-08-29 06:00:00,10973.956
2018-08-29 09:00:00,12554.989
2018-08-29 12:00:00,15778.393
2018-08-29 15:00:00,16157.737
2018-08-29 18:00:00,14229.336
2018-08-29 21:00:00,13921.867
2018-08-30 00:00:00,12537.163
2018-08-30 03:00:00,12200.199
2018-08-30 06:00:00,10925.719
2018-08-30 09:00:00,9769.733
2018-08-30 12:00:00,13932.514
2018-08-30 15:00:00,16067.971
2018-08-30 18:00:00,13218.017
2018-08-30 21:00:00,11572.183
2018-08-31 00:00:00,12636.856
2018-08-31 03:00:00,9416.348
2018-08-31 06:00:00,10885.154
2018-08-31 09:00:00,12501.062
2018-08-31 12:00:00,14219.397
2018-08-31 15:00:00,13481.126
2018-08-31 18:00:00,10897.001
2018-08-31 21:00:00,13494.216
2018-09-01 00:00:00,13802.295
2018-09-01 03:00:00,11471.012
2018-09-01 06:00:00,11995.976
2018-09-01 09:00:00,14458.593
2018-09-01 12:00:00,12593.721
2018-09-01 15:00:00,12607.54
2018-09-01 18:00:00,12667.101
2018-09-01 21:00:00,12901.468
2018-09-02 00:00:00,15109.469
2018-09-02 03:00:00,11735.593
2018-09-02 06:00:00,12002.312
2018-09-02 09:00:00,13709.012
2018-09-02 12:00:00,13969.674
2018-09-02 15:00:00,13984.003
2018-09-02 18:00:00,14164.366
2018-09-02 21:00:00,15269.251
2018-09-03 00:00:00,13781.7705
2018-09-03 03:00:00,13216.201
2018-09-03 06:00:00,13151.611
2018-09-03 09:00:00,11152.8545
2018-09-03 12:00:00,16518.576
2018-09-03 15:00:00,13286.922
2018-09-03 18:00:00,15769.373
2018-09-03 21:00:00,13594.824
2018-09-04 00:00:00,13968.2295
2018-09-04 03:00:00,14049.049
2018-09-04 06:00:00,11084.776
2018-09-04 09:00:00,14432.202
2018-09-04 12:00:00,15371.3955
2018-09-04 15:00:00,13943.609
2018-09-04 18:00:00,13593.392
2018-09-04 21:00:00,15031.667
2018-09-05 00:00:00,14107.215
2018-09-05 03:00:00,12768.015
2018-09-05 06:00:00,12015.102
2018-09-05 09:00:00,13187.944
2018-09-05 12:00:00,15966.544
2018-09-05 15:00:00,13868.943
2018-09-05 18:00:00,14682.8125
2018-09-05 21:00:00,14583.409
2018-09-06 00:00:00,12986.239
2018-09-06 03:00:00,10150.76
2018-09-06 06:00:00,11949.599
2018-09-06 09:00:00,13226.46
2018-09-06 12:00:00,13131.309
2018-09-06 15:00:00,13290.37
2018-09-06 18:00:00,14008.414
2018-09-06 21:00:00,13276.645
2018-09-07 00:00:00,12100.125
2018-09-07 03:00:00,12253.983
2018-09-07 06:00:00,11546.598
2018-09-07 09:00:00,12117.717
2018-09-07 12:00:00,14378.145
2018-09-07 15:00:00,14510.161
2018-09-07 18:00:00,14170.973
2018-09-07 21:00:00,12902.375
2018-09-08 00:00:00,12046.605
2018-09-08 03:00:00,11892.652
2018-09-08 06:00:00,11180.671
2018-09-08 09:00:00,12775.439
2018-09-08 12:00:00,15579.73
2018-09-08 15:00:00,13014.7295
2018-09-08 18:00:00,15561.14
2018-09-08 21:00:00,14801.664
2018-09-09 00:00:00,9908.391
2018-09-09 03:00:00,12239.539
2018-09-09 06:00:00,12762.122
2018-09-09 09:00:00,14344.569
2018-09-09 12:00:00,15493.665
2018-09-09 15:00:00,14661.352
2018-09-09 18:00:00,14835.634
2018-09-09 21:00:00,13977.813
2018-09-10 00:00:00,11543.505
2018-09-10 03:00:00,11389.66
2018-09-10 06:00:00,11289.448
2018-09-10 09:00:00,14328.493
2018-09-10 12:00:00,13745.515
2018-09-10 15:00:00,11501.06
2018-09-10 18:00:00,11267.696
2018-09-10 21:00:00,14576.409
2018-09-11 00:00:00,13019.951
2018-09-11 03:00:00,11780.96
2018-09-11 06:00:00,12405.706
2018-09-11 09:00:00,13098.066
2018-09-11 12:00:00,13246.548
2018-09-11 15:00:00,10457.83
2018-09-11 18:00:00,11000.09
2018-09-11 21:00:00,13851.983
2018-09-12 00:00:00,12635.993
2018-09-12 03:00:00,12315.961
2018-09-12 06:00:00,12054.967
2018-09-12 09:00:00,12970.1045
2018-09-12 12:00:00,16572.975
2018-09-12 15:00:00,13277.422
2018-09-12 18:00:00,11449.409
2018-09-12 21:00:00,12883.827
2018-09-13 00:00:00,13168.992
2018-09-13 03:00:00,12774.642
2018-09-13 06:00:00,12507.345
2018-09-13 09:00:00,11928.628
2018-09-13 12:00:00,13580.783
2018-09-13 15:00:00,12998.052
2018-09-13 18:00:00,14055.005
2018-09-13 21:00:00,15280.829
2018-09-14 00:00:00,14007.63
2018-09-14 03:00:00,12494.917
2018-09-14 06:00:00,10138.572
2018-09-14 09:00:00,13984.039
2018-09-14 12:00:00,14248.967
2018-09-14 15:00:00,13902.741
2018-09-14 18:00:00,12858.148
2018-09-14 21:00:00,15250.916
2018-09-15 00:00:00,13738.3955
2018-09-15 03:00:00,12168.931
2018-09-15 06:00:00,12104.871
2018-09-15 09:00:00,12901.442
2018-09-15 12:00:00,10807.624
2018-09-15 15:00:00,9704.373
2018-09-15 18:00:00,13566.42
2018-09-15 21:00:00,14967.202
2018-09-16 00:00:00,13274.487
2018-09-16 03:00:00,12081.991
2018-09-16 06:00:00,10083.444
2018-09-16 09:00:00,12289.824
2018-09-16 12:00:00,14852.358
2018-09-16 15:00:00,14596.225
2018-09-16 18:00:00,14010.621
2018-09-16 21:00:00,14276.423
2018-09-17 00:00:00,11959.425
2018-09-17 03:00:00,12235.466
2018-09-17 06:00:00,10671.069
2018-09-17 09:00:00,12409.969
2018-09-17 12:00:00,14043.181
2018-09-17 15:00:00,11562.804
2018-09-17 18:00:00,17104.943
2018-09-17 21:00:00,15081.1045
2018-09-18 00:00:00,12075.443
2018-09-18 03:00:00,13420.51
2018-09-18 06:00:00,10063.883
2018-09-18 09:00:00,11501.972
2018-09-18 12:00:00,13002.409
2018-09-18 15:00:00,13655.11
2018-09-18 18:00:00,12657.117
2018-09-18 21:00:00,13464.983
2018-09-19 00:00:00,12474.702
2018-09-19 03:00:00,12707.824
2018-09-19 06:00:00,11465.47
2018-09-19 09:00:00,12330.963
2018-09-19 12:00:00,12321.21
2018-09-19 15:00:00,12929.3545
2018-09-19 18:00:00,13138.4
2018-09-19 21:00:00,16222.471
2018-09-20 00:00:00,11631.028
2018-09-20 03:00:00,12011.667
2018-09-20 06:00:00,10555.35
2018-09-20 09:00:00,13511.501
2018-09-20 12:00:00,14872.722
2018-09-20 15:00:00,10821.126
2018-09-20 18:00:00,12400.918
2018-09-20 21:00:00,13226.778
2018-09-21 00:00:00,12036.983
2018-09-21 03:00:00,9221.798
2018-09-21 06:00:00,8263.758
2018-09-21 09:00:00,12628.935
2018-09-21 12:00:00,12175.932
2018-09-21 15:00:00,11144.437
2018-09-21 18:00:00,11230.667
2018-09-21 21:00:00,14137.155
2018-09-22 00:00:00,12759.447
2018-09-22 03:00:00,11229.939
2018-09-22 06:00:00,9734.757
2018-09-22 09:00:00,13798.568
2018-09-22 12:00:00,12102.165
2018-09-22 15:00:00,6299.342
2018-09-22 18:00:00,11831.682
2018-09-22 21:00:00,14746.454
2018-09-23 00:00:00,12158.925
2018-09-23 03:00:00,13215.623
2018-09-23 06:00:00,13512.947
2018-09-23 09:00:00,13520.0625
2018-09-23 12:00:00,13000.546
2018-09-23 15:00:00,11944.032
2018-09-23 18:00:00,7946.496
2018-09-23 21:00:00,9800.331
2018-09-24 00:00:00,13909.411
2018-09-24 03:00:00,12791.333
2018-09-24 06:00:00,10824.294
2018-09-24 09:00:00,15100.574
2018-09-24 12:00:00,9480.498
2018-09-24 15:00:00,11066.082
2018-09-24 18:00:00,11907.428
2018-09-24 21:00:00,9712.617
2018-09-25 00:00:00,9135.882
2018-09-25 03:00:00,11575.964
2018-09-25 06:00:00,13135.151
2018-09-25 09:00:00,11465.98
2018-09-25 12:00:00,11982.112
2018-09-25 15:00:00,10900.333
2018-09-25 18:00:00,10677.523
2018-09-25 21:00:00,9295.815
2018-09-26 00:00:00,8118.073
2018-09-26 03:00:00,11342.845
2018-09-26 06:00:00,11516.899
2018-09-26 09:00:00,13936.055
2018-09-26 12:00:00,13340.044
2018-09-26 15:00:00,11511.74
2018-09-26 18:00:00,11594.851
2018-09-26 21:00:00,12976.736
2018-09-27 00:00:00,11053.622
2018-09-27 03:00:00,13332.694
2018-09-27 06:00:00,11675.153
2018-09-27 09:00:00,13754.059
2018-09-27 12:00:00,15516.103
2018-09-27 15:00:00,13835.688
2018-09-27 18:00:00,14612.791
2018-09-27 21:00:00,15205.657
2018-09-28 00:00:00,12857.136
2018-09-28 03:00:00,12932.666
2018-09-28 06:00:00,9575.876
2018-09-28 09:00:00,9536.153
2018-09-28 12:00:00,14815.301
2018-09-28 15:00:00,12801.308
2018-09-28 18:00:00,12787.747
2018-09-28 21:00:00,13061.567
2018-09-29 00:00:00,9556.038
2018-09-29 03:00:00,12641.238
2018-09-29 06:00:00,10985.927
2018-09-29 09:00:00,12177.176
2018-09-29 12:00:00,14034.113
2018-09-29 15:00:00,13643.06
2018-09-29 18:00:00,13887.943
2018-09-29 21:00:00,14432.183
2018-09-30 00:00:00,11553.788
2018-09-30 03:00:00,11512.675
2018-09-30 06:00:00,11007.916
2018-09-30 09:00:00,10227.156
2018-09-30 12:00:00,13057.476
2018-09-30 15:00:00,13059.743
2018-09-30 18:00:00,13788.617
2018-09-30 21:00:00,13417.691
2018-10-01 00:00:00,11640.064
2018-10-01 03:00:00,11297.899
2018-10-01 06:00:00,11228.165
2018-10-01 09:00:00,11015.706
2018-10-01 12:00:00,10524.422
2018-10-01 15:00:00,11387.312
2018-10-01 18:00:00,11058.384
2018-10-01 21:00:00,11832.663
2018-10-02 00:00:00,10065.425
2018-10-02 03:00:00,9378.093
2018-10-02 06:00:00,9281.702
2018-10-02 09:00:00,8775.831
2018-10-02 12:00:00,8853.12
2018-10-02 15:00:00,9218.321
2018-10-02 18:00:00,10345.407
2018-10-02 21:00:00,9734.217
2018-10-03 00:00:00,8175.7446
2018-10-03 03:00:00,9567.956
2018-10-03 06:00:00,11996.451
2018-10-03 09:00:00,11526.903
2018-10-03 12:00:00,14750.515
2018-10-03 15:00:00,11097.348
2018-10-03 18:00:00,10574.352
2018-10-03 21:00:00,13307.689
2018-10-04 00:00:00,10695.352
2018-10-04 03:00:00,12937.266
2018-10-04 06:00:00,10169.168
2018-10-04 09:00:00,13597.686
2018-10-04 12:00:00,15269.5625
2018-10-04 15:00:00,12211.713
2018-10-04 18:00:00,13668.151
2018-10-04 21:00:00,14374.991
2018-10-05 00:00:00,12947.443
2018-10-05 03:00:00,11748.248
2018-10-05 06:00:00,11108.009
2018-10-05 09:00:00,13190.371
2018-10-05 12:00:00,15798.926
2018-10-05 15:00:00,12843.769
2018-10-05 18:00:00,13436.406
2018-10-05 21:00:00,14646.346
2018-10-06 00:00:00,13209.342
2018-10-06 03:00:00,10371.432
2018-10-06 06:00:00,11241.513
2018-10-06 09:00:00,13063.49
2018-10-06 12:00:00,13471.2
2018-10-06 15:00:00,12906.72
2018-10-06 18:00:00,12084.834
2018-10-06 21:00:00,10697.313
2018-10-07 00:00:00,10953.846
2018-10-07 03:00:00,9967.554
2018-10-07 06:00:00,6577.483
2018-10-07 09:00:00,9766.861
2018-10-07 12:00:00,10210.071
2018-10-07 15:00:00,11971.186
2018-10-07 18:00:00,9364.237
2018-10-07 21:00:00,10992.66
2018-10-08 00:00:00,9481.441
2018-10-08 03:00:00,9144.063
2018-10-08 06:00:00,10746.966
2018-10-08 09:00:00,11855.113
2018-10-08 12:00:00,11734.487
2018-10-08 15:00:00,11922.228
2018-10-08 18:00:00,12371.533
2018-10-08 21:00:00,12713.059
2018-10-09 00:00:00,11695.187
2018-10-09 03:00:00,10879.944
2018-10-09 06:00:00,9843.525
2018-10-09 09:00:00,10460.48
2018-10-09 12:00:00,11881.318
2018-10-09 15:00:00,12271.744
2018-10-09 18:00:00,10886.802
2018-10-09 21:00:00,11824.204
2018-10-10 00:00:00,11013.356
2018-10-10 03:00:00,12454.584
2018-10-10 06:00:00,12201.246
2018-10-10 09:00:00,12503.787
2018-10-10 12:00:00,13079.403
2018-10-10 15:00:00,15568.909
2018-10-10 18:00:00,13642.375
2018-10-10 21:00:00,13186.99
2018-10-11 00:00:00,11574.651
2018-10-11 03:00:00,12284.224
2018-10-11 06:00:00,12302.118
2018-10-11 09:00:00,12229.45
2018-10-11 12:00:00,14705.222
2018-10-11 15:00:00,11525.718
2018-10-11 18:00:00,10791.33
2018-10-11 21:00:00,13336.785
2018-10-12 00:00:00,12586.595
2018-10-12 03:00:00,11619.501
2018-10-12 06:00:00,13091.354
2018-10-12 09:00:00,12930.183
2018-10-12 12:00:00,12718.977
2018-10-12 15:00:00,13983.479
2018-10-12 18:00:00,14426.8
2018-10-12 21:00:00,14288.524
2018-10-13 00:00:00,11315.004
2018-10-13 03:00:00,8491.338
2018-10-13 06:00:00,10358.591
2018-10-13 09:00:00,11816.076
2018-10-13 12:00:00,13727.171
2018-10-13 15:00:00,10528.732
2018-10-13 18:00:00,11605.015
2018-10-13 21:00:00,11089.229
2018-10-14 00:00:00,12365.8545
2018-10-14 03:00:00,10875.061
2018-10-14 06:00:00,11617.269
2018-10-14 09:00:00,10031.0625
2018-10-14 12:00:00,9739.239
2018-10-14 15:00:00,11685.584
2018-10-14 18:00:00,11299.34
2018-10-14 21:00:00,10772.4
2018-10-15 00:00:00,9276.547
2018-10-15 03:00:00,10798.372
2018-10-15 06:00:00,8533.856
2018-10-15 09:00:00,9635.581
2018-10-15 12:00:00,9243.315
2018-10-15 15:00:00,11461.754
2018-10-15 18:00:00,10359.64
2018-10-15 21:00:00,11660.504
2018-10-16 00:00:00,7956.157
2018-10-16 03:00:00,7958.2617
2018-10-16 06:00:00,10728.66
2018-10-16 09:00:00,10210.797
2018-10-16 12:00:00,13806.972
2018-10-16 15:00:00,14295.67
2018-10-16 18:00:00,13965.128
2018-10-16 21:00:00,12013.023
2018-10-17 00:00:00,12061.458
2018-10-17 03:00:00,10531.385
2018-10-17 06:00:00,10382.604
2018-10-17 09:00:00,10398.187
2018-10-17 12:00:00,14084.619
2018-10-17 15:00:00,12150.308
2018-10-17 18:00:00,12430.87
2018-10-17 21:00:00,12838.215
2018-10-18 00:00:00,9474.875
2018-10-18 03:00:00,9228.959
2018-10-18 06:00:00,11398.859
2018-10-18 09:00:00,8800.879
2018-10-18 12:00:00,12422.579
2018-10-18 15:00:00,12131.714
2018-10-18 18:00:00,13282.231
2018-10-18 21:00:00,10883.023
2018-10-19 00:00:00,10962.224
2018-10-19 03:00:00,10059.863
2018-10-19 06:00:00,9318.072
2018-10-19 09:00:00,10962.445
2018-10-19 12:00:00,14130.277
2018-10-19 15:00:00,15342.021
2018-10-19 18:00:00,14164.078
2018-10-19 21:00:00,11307.456
2018-10-20 00:00:00,11784.847
2018-10-20 03:00:00,11013.206
2018-10-20 06:00:00,9957.937
2018-10-20 09:00:00,12298.806
2018-10-20 12:00:00,15091.717
2018-10-20 15:00:00,13472.885
2018-10-20 18:00:00,12383.321
2018-10-20 21:00:00,12522.885
2018-10-21 00:00:00,10492.944
2018-10-21 03:00:00,8311.155
2018-10-21 06:00:00,8374.422
2018-10-21 09:00:00,7297.892
2018-10-21 12:00:00,11058.076
2018-10-21 15:00:00,15144.215
2018-10-21 18:00:00,12654.932
2018-10-21 21:00:00,8910.9
2018-10-22 00:00:00,8563.486
2018-10-22 03:00:00,9606.308
2018-10-22 06:00:00,10594.983
2018-10-22 09:00:00,10179.9
2018-10-22 12:00:00,12132.792
2018-10-22 15:00:00,12433.749
2018-10-22 18:00:00,11418.819
2018-10-22 21:00:00,9540.279
2018-10-23 00:00:00,12990.181
2018-10-23 03:00:00,10368.328
2018-10-23 06:00:00,12575.721
2018-10-23 09:00:00,11929.063
2018-10-23 12:00:00,13771.159
2018-10-23 15:00:00,12684.639
2018-10-23 18:00:00,13225.628
2018-10-23 21:00:00,11230.578
2018-10-24 00:00:00,11492.662
2018-10-24 03:00:00,12206.332
2018-10-24 06:00:00,9695.847
2018-10-24 09:00:00,9583.212
2018-10-24 12:00:00,12159.245
2018-10-24 15:00:00,13170.195
2018-10-24 18:00:00,11217.91
2018-10-24 21:00:00,9863.645
2018-10-25 00:00:00,11003.165
2018-10-25 03:00:00,10569.636
2018-10-25 06:00:00,7482.8496
2018-10-25 09:00:00,10270.055
2018-10-25 12:00:00,14986.251
2018-10-25 15:00:00,12466.849
2018-10-25 18:00:00,12013.059
2018-10-25 21:00:00,11526.166
2018-10-26 00:00:00,9906.763
2018-10-26 03:00:00,9049.761
2018-10-26 06:00:00,9774.76
2018-10-26 09:00:00,11447.373
2018-10-26 12:00:00,12200.651
2018-10-26 15:00:00,10127.623
2018-10-26 18:00:00,10679.426
2018-10-26 21:00:00,9900.665
2018-10-27 00:00:00,11105.182
2018-10-27 03:00:00,9589.662
2018-10-27 06:00:00,10475.775
2018-10-27 09:00:00,8797.138
2018-10-27 12:00:00,11856.592
2018-10-27 15:00:00,11342.739
2018-10-27 18:00:00,11637.439
2018-10-27 21:00:00,9878.392
2018-10-28 00:00:00,8392.167
2018-10-28 03:00:00,10219.986
2018-10-28 06:00:00,8463.901
2018-10-28 09:00:00,8842.338
2018-10-28 12:00:00,7965.979
2018-10-28 15:00:00,7857.517
2018-10-28 18:00:00,3809.122
2018-10-28 21:00:00,6412.384
2018-10-29 00:00:00,8441.065
2018-10-29 03:00:00,7343.0435
2018-10-29 06:00:00,3258.8896
2018-10-29 09:00:00,2141.5889
2018-10-29 12:00:00,973.1065
2018-10-29 15:00:00,3969.3743
2018-10-29 18:00:00,3055.038
2018-10-29 21:00:00,3427.0525
2018-10-30 00:00:00,6624.2954
2018-10-30 03:00:00,7123.434
2018-10-30 06:00:00,7001.777
2018-10-30 09:00:00,9008.754
2018-10-30 12:00:00,8706.731
2018-10-30 15:00:00,15010.557
2018-10-30 18:00:00,11937.698
2018-10-30 21:00:00,11958.018
2018-10-31 00:00:00,11408.686
2018-10-31 03:00:00,10622.721
2018-10-31 06:00:00,9282.416
2018-10-31 09:00:00,11853.556
2018-10-31 12:00:00,10663.941
2018-10-31 15:00:00,10236.589
2018-10-31 18:00:00,8913.643
2018-10-31 21:00:00,13041.404
2018-11-01 00:00:00,10423.408
2018-11-01 03:00:00,7001.552
2018-11-01 06:00:00,6500.3833
2018-11-01 09:00:00,12809.963
2018-11-01 12:00:00,17644.824
2018-11-01 15:00:00,16537.014
2018-11-01 18:00:00,16317.62
2018-11-01 21:00:00,12030.593
2018-11-02 00:00:00,14146.72
2018-11-02 03:00:00,13887.527
2018-11-02 06:00:00,8118.428
2018-11-02 09:00:00,12652.056
2018-11-02 12:00:00,12533.299
2018-11-02 15:00:00,13948.595
2018-11-02 18:00:00,13283.764
2018-11-02 21:00:00,12755.058
2018-11-03 00:00:00,12689.467
2018-11-03 03:00:00,10831.956
2018-11-03 06:00:00,8094.9155
2018-11-03 09:00:00,11273.615
2018-11-03 12:00:00,11816.222
2018-11-03 15:00:00,17107.844
2018-11-03 18:00:00,19110.049
2018-11-03 21:00:00,13506.66
2018-11-04 00:00:00,11630.95
2018-11-04 03:00:00,9998.208
2018-11-04 06:00:00,12436.46
2018-11-04 09:00:00,11665.634
2018-11-04 12:00:00,6537.497
2018-11-04 15:00:00,8696.505
2018-11-04 18:00:00,7926.9126
2018-11-04 21:00:00,8192.896
2018-11-05 00:00:00,9162.193
2018-11-05 03:00:00,8894.801
2018-11-05 06:00:00,11076.227
2018-11-05 09:00:00,11758.25
2018-11-05 12:00:00,12509.925
2018-11-05 15:00:00,10681.084
2018-11-05 18:00:00,12311.469
2018-11-05 21:00:00,11541.083
2018-11-06 00:00:00,8078.527
2018-11-06 03:00:00,6255.943
2018-11-06 06:00:00,7352.078
2018-11-06 09:00:00,7868.685
2018-11-06 12:00:00,11577.497
2018-11-06 15:00:00,10049.401
2018-11-06 18:00:00,13488.159
2018-11-06 21:00:00,9469.7295
2018-11-07 00:00:00,10351.081
2018-11-07 03:00:00,7794.04
2018-11-07 06:00:00,6839.99
2018-11-07 09:00:00,8959.926
2018-11-07 12:00:00,9777.786
2018-11-07 15:00:00,10305.47
2018-11-07 18:00:00,11178.918
2018-11-07 21:00:00,10446.104
2018-11-08 00:00:00,8109.998
2018-11-08 03:00:00,8347.925
2018-11-08 06:00:00,9225.717
2018-11-08 09:00:00,10643.664
2018-11-08 12:00:00,12029.127
2018-11-08 15:00:00,11085.055
2018-11-08 18:00:00,10960.474
2018-11-08 21:00:00,11638.744
2018-11-09 00:00:00,10841.425
2018-11-09 03:00:00,8861.105
2018-11-09 06:00:00,6922.022
2018-11-09 09:00:00,9714.12
2018-11-09 12:00:00,11071.663
2018-11-09 15:00:00,9583.133
2018-11-09 18:00:00,11606.442
2018-11-09 21:00:00,10646.659
2018-11-10 00:00:00,10340.162
2018-11-10 03:00:00,7847.442
2018-11-10 06:00:00,6848.33
2018-11-10 09:00:00,9125.172
2018-11-10 12:00:00,9795.089
2018-11-10 15:00:00,9816.744
2018-11-10 18:00:00,11420.918
2018-11-10 21:00:00,8442.645
2018-11-11 00:00:00,8965.687
2018-11-11 03:00:00,6100.3647
2018-11-11 06:00:00,6117.7485
2018-11-11 09:00:00,8908.866
2018-11-11 12:00:00,11354.626
2018-11-11 15:00:00,12830.058
2018-11-11 18:00:00,15083.066
2018-11-11 21:00:00,10836.194
2018-11-12 00:00:00,11827.807
2018-11-12 03:00:00,12461.35
2018-11-12 06:00:00,11956.654
2018-11-12 09:00:00,12839.98
2018-11-12 12:00:00,10124.018
2018-11-12 15:00:00,13517.21
2018-11-12 18:00:00,11266.916
2018-11-12 21:00:00,11960.327
2018-11-13 00:00:00,10850.336
2018-11-13 03:00:00,10166.477
2018-11-13 06:00:00,9486.238
2018-11-13 09:00:00,12781.743
2018-11-13 12:00:00,14747.407
2018-11-13 15:00:00,12660.628
2018-11-13 18:00:00,15636.408
2018-11-13 21:00:00,11208.869
2018-11-14 00:00:00,10748.644
2018-11-14 03:00:00,11336.279
2018-11-14 06:00:00,9607.118
2018-11-14 09:00:00,12469.649
2018-11-14 12:00:00,13744.433
2018-11-14 15:00:00,15349.237
2018-11-14 18:00:00,13409.717
2018-11-14 21:00:00,11633.17
2018-11-15 00:00:00,12488.543
2018-11-15 03:00:00,11935.205
2018-11-15 06:00:00,9621.974
2018-11-15 09:00:00,12867.672
2018-11-15 12:00:00,11728.958
2018-11-15 15:00:00,14648.436
2018-11-15 18:00:00,12371.647
2018-11-15 21:00:00,10911.556
2018-11-16 00:00:00,11740.338
2018-11-16 03:00:00,10693.84
2018-11-16 06:00:00,10796.52
2018-11-16 09:00:00,11725.015
2018-11-16 12:00:00,13084.299
2018-11-16 15:00:00,13563.599
2018-11-16 18:00:00,14749.42
2018-11-16 21:00:00,10824.905
2018-11-17 00:00:00,10593.805
2018-11-17 03:00:00,7456.4424
2018-11-17 06:00:00,10188.799
2018-11-17 09:00:00,9564.431
2018-11-17 12:00:00,11958.949
2018-11-17 15:00:00,14087.258
2018-11-17 18:00:00,14550.804
2018-11-17 21:00:00,12595.35
2018-11-18 00:00:00,13153.568
2018-11-18 03:00:00,14948.68
2018-11-18 06:00:00,12359.146
2018-11-18 09:00:00,8230.525
2018-11-18 12:00:00,11720.444
2018-11-18 15:00:00,10354.841
2018-11-18 18:00:00,5325.7534
2018-11-18 21:00:00,6664.712
2018-11-19 00:00:00,7289.0146
2018-11-19 03:00:00,7622.5205
2018-11-19 06:00:00,8110.7686
2018-11-19 09:00:00,8565.522
2018-11-19 12:00:00,8910.969
2018-11-19 15:00:00,11819.654
2018-11-19 18:00:00,13296.855
2018-11-19 21:00:00,9534.576
2018-11-20 00:00:00,6330.585
2018-11-20 03:00:00,4137.4346
2018-11-20 06:00:00,2301.7478
2018-11-20 09:00:00,5851.944
2018-11-20 12:00:00,13951.918
2018-11-20 15:00:00,6331.0054
2018-11-20 18:00:00,9902.026
2018-11-20 21:00:00,10206.757
2018-11-21 00:00:00,6681.3643
2018-11-21 03:00:00,7987.4805
2018-11-21 06:00:00,7354.7275
2018-11-21 09:00:00,8773.015
2018-11-21 12:00:00,10223.193
2018-11-21 15:00:00,13146.145
2018-11-21 18:00:00,12347.602
2018-11-21 21:00:00,11597.5205
2018-11-22 00:00:00,9532.63
2018-11-22 03:00:00,9741.31
2018-11-22 06:00:00,10837.035
2018-11-22 09:00:00,10215.668
2018-11-22 12:00:00,10203.146
2018-11-22 15:00:00,11732.4795
2018-11-22 18:00:00,11607.943
2018-11-22 21:00:00,9520.116
2018-11-23 00:00:00,10587.9
2018-11-23 03:00:00,10402.228
2018-11-23 06:00:00,9692.229
2018-11-23 09:00:00,9882.323
2018-11-23 12:00:00,14137.715
2018-11-23 15:00:00,11582.237
2018-11-23 18:00:00,11418.44
2018-11-23 21:00:00,12665.306
2018-11-24 00:00:00,10161.314
2018-11-24 03:00:00,7674.347
2018-11-24 06:00:00,6708.475
2018-11-24 09:00:00,6589.158
2018-11-24 12:00:00,13983.957
2018-11-24 15:00:00,17144.74
2018-11-24 18:00:00,10934.934
2018-11-24 21:00:00,9325.521
2018-11-25 00:00:00,7838.1616
2018-11-25 03:00:00,9730.666
2018-11-25 06:00:00,6218.406
2018-11-25 09:00:00,7161.613
2018-11-25 12:00:00,8272.72
2018-11-25 15:00:00,9361.647
2018-11-25 18:00:00,11904.399
2018-11-25 21:00:00,6438.8433
2018-11-26 00:00:00,10174.377
2018-11-26 03:00:00,11173.92
2018-11-26 06:00:00,4172.5923
2018-11-26 09:00:00,9647.336
2018-11-26 12:00:00,9829.183
2018-11-26 15:00:00,5115.0854
2018-11-26 18:00:00,8910.994
2018-11-26 21:00:00,11227.718
2018-11-27 00:00:00,7893.16
2018-11-27 03:00:00,3967.9653
2018-11-27 06:00:00,7650.6523
2018-11-27 09:00:00,11939.226
2018-11-27 12:00:00,10839.312
2018-11-27 15:00:00,12184.001
2018-11-27 18:00:00,17059.26
2018-11-27 21:00:00,9552.798
2018-11-28 00:00:00,7579.492
2018-11-28 03:00:00,5035.8174
2018-11-28 06:00:00,4902.3423
2018-11-28 09:00:00,6315.093
2018-11-28 12:00:00,15641.842
2018-11-28 15:00:00,17263.305
2018-11-28 18:00:00,18400.834
2018-11-28 21:00:00,7126.4956
2018-11-29 00:00:00,4244.4883
2018-11-29 03:00:00,5958.111
2018-11-29 06:00:00,4415.566
2018-11-29 09:00:00,5589.8037
2018-11-29 12:00:00,14946.747
2018-11-29 15:00:00,12448.875
2018-11-29 18:00:00,14929.777
2018-11-29 21:00:00,10091.895
2018-11-30 00:00:00,12973.263
2018-11-30 03:00:00,8591.041
2018-11-30 06:00:00,8582.639
2018-11-30 09:00:00,8496.119
2018-11-30 12:00:00,8662.298
2018-11-30 15:00:00,10990.469
2018-11-30 18:00:00,12858.977
2018-11-30 21:00:00,10308.642
2018-12-01 00:00:00,10356.322
2018-12-01 03:00:00,6992.4404
2018-12-01 06:00:00,7553.6577
2018-12-01 09:00:00,10074.85
2018-12-01 12:00:00,12871.642
2018-12-01 15:00:00,14105.822
2018-12-01 18:00:00,12273.105
2018-12-01 21:00:00,7747.276
2018-12-02 00:00:00,8814.579
2018-12-02 03:00:00,7831.469
2018-12-02 06:00:00,7468.071
2018-12-02 09:00:00,9607.108
2018-12-02 12:00:00,13889.533
2018-12-02 15:00:00,14184.38
2018-12-02 18:00:00,12246.811
2018-12-02 21:00:00,11076.834
2018-12-03 00:00:00,8476.921
2018-12-03 03:00:00,4633.858
2018-12-03 06:00:00,3199.6233
2018-12-03 09:00:00,8330.142
2018-12-03 12:00:00,13119.887
2018-12-03 15:00:00,14181.541
2018-12-03 18:00:00,10780.7
2018-12-03 21:00:00,9079.762
2018-12-04 00:00:00,10211.188
2018-12-04 03:00:00,9125.348
2018-12-04 06:00:00,10113.769
2018-12-04 09:00:00,8935.55
2018-12-04 12:00:00,11424.278
2018-12-04 15:00:00,14562.641
2018-12-04 18:00:00,13889.219
2018-12-04 21:00:00,10321.962
2018-12-05 00:00:00,8465.473
2018-12-05 03:00:00,10040.616
2018-12-05 06:00:00,10345.687
2018-12-05 09:00:00,10125.784
2018-12-05 12:00:00,13774.655
2018-12-05 15:00:00,11486.741
2018-12-05 18:00:00,10451.7
2018-12-05 21:00:00,11781.811
2018-12-06 00:00:00,13719.144
2018-12-06 03:00:00,9778.371
2018-12-06 06:00:00,9719.255
2018-12-06 09:00:00,11548.632
2018-12-06 12:00:00,12908.205
2018-12-06 15:00:00,14032.14
2018-12-06 18:00:00,12693.273
2018-12-06 21:00:00,9361.639
2018-12-07 00:00:00,10209.381
2018-12-07 03:00:00,9394.912
2018-12-07 06:00:00,9510.029
2018-12-07 09:00:00,11505.91
2018-12-07 12:00:00,13130.604
2018-12-07 15:00:00,10569.134
2018-12-07 18:00:00,9982.205
2018-12-07 21:00:00,10113.201
2018-12-08 00:00:00,8318.206
2018-12-08 03:00:00,10441.774
2018-12-08 06:00:00,10993.601
2018-12-08 09:00:00,11131.485
2018-12-08 12:00:00,12212.992
2018-12-08 15:00:00,12696.6875
2018-12-08 18:00:00,13829.72
2018-12-08 21:00:00,10812.008
2018-12-09 00:00:00,10713.732
2018-12-09 03:00:00,8162.5073
2018-12-09 06:00:00,8970.634
2018-12-09 09:00:00,8750.75
2018-12-09 12:00:00,11071.659
2018-12-09 15:00:00,10433.902
2018-12-09 18:00:00,10852.872
2018-12-09 21:00:00,8275.728
2018-12-10 00:00:00,7170.208
2018-12-10 03:00:00,6902.7227
2018-12-10 06:00:00,11357.883
2018-12-10 09:00:00,6740.3228
2018-12-10 12:00:00,11876.605
2018-12-10 15:00:00,10833.848
2018-12-10 18:00:00,11569.075
2018-12-10 21:00:00,11807.308
2018-12-11 00:00:00,12947.713
2018-12-11 03:00:00,8482.7705
2018-12-11 06:00:00,8507.478
2018-12-11 09:00:00,11890.752
2018-12-11 12:00:00,14072.498
2018-12-11 15:00:00,12726.18
2018-12-11 18:00:00,11541.618
2018-12-11 21:00:00,9237.81
2018-12-12 00:00:00,10001.896
2018-12-12 03:00:00,8246.344
2018-12-12 06:00:00,8569.0
2018-12-12 09:00:00,9534.992
2018-12-12 12:00:00,12057.06
2018-12-12 15:00:00,12426.057
2018-12-12 18:00:00,11381.798
2018-12-12 21:00:00,11495.026
2018-12-13 00:00:00,10171.045
2018-12-13 03:00:00,7294.985
2018-12-13 06:00:00,4939.4062
2018-12-13 09:00:00,8893.451
2018-12-13 12:00:00,8925.902
2018-12-13 15:00:00,9481.485
2018-12-13 18:00:00,8414.089
2018-12-13 21:00:00,11265.522
2018-12-14 00:00:00,8392.874
2018-12-14 03:00:00,8410.833
2018-12-14 06:00:00,6656.74
2018-12-14 09:00:00,11639.314
2018-12-14 12:00:00,11607.258
2018-12-14 15:00:00,10369.329
2018-12-14 18:00:00,11252.345
2018-12-14 21:00:00,12187.051
2018-12-15 00:00:00,12231.424
2018-12-15 03:00:00,11081.592
2018-12-15 06:00:00,7416.998
2018-12-15 09:00:00,9494.721
2018-12-15 12:00:00,10539.327
2018-12-15 15:00:00,12458.224
2018-12-15 18:00:00,11646.127
2018-12-15 21:00:00,11286.494
2018-12-16 00:00:00,3398.854
2018-12-16 03:00:00,2157.0393
2018-12-16 06:00:00,5700.8574
2018-12-16 09:00:00,6295.8193
2018-12-16 12:00:00,8840.469
2018-12-16 15:00:00,10601.796
2018-12-16 18:00:00,11297.612
2018-12-16 21:00:00,7246.785
2018-12-17 00:00:00,6339.945
2018-12-17 03:00:00,5663.7705
2018-12-17 06:00:00,9766.021
2018-12-17 09:00:00,12771.411
2018-12-17 12:00:00,11964.957
2018-12-17 15:00:00,10964.251
2018-12-17 18:00:00,10014.446
2018-12-17 21:00:00,9784.413
2018-12-18 00:00:00,2576.994
2018-12-18 03:00:00,1205.3029
2018-12-18 06:00:00,3079.9136
2018-12-18 09:00:00,6612.728
2018-12-18 12:00:00,13319.634
2018-12-18 15:00:00,14853.131
2018-12-18 18:00:00,12607.567
2018-12-18 21:00:00,11538.394
2018-12-19 00:00:00,7976.389
2018-12-19 03:00:00,9889.595
2018-12-19 06:00:00,7707.026
2018-12-19 09:00:00,3689.3486
2018-12-19 12:00:00,12464.132
2018-12-19 15:00:00,11403.751
2018-12-19 18:00:00,13501.596
2018-12-19 21:00:00,10725.32
2018-12-20 00:00:00,10160.969
2018-12-20 03:00:00,10446.967
2018-12-20 06:00:00,5903.7925
2018-12-20 09:00:00,9008.329
2018-12-20 12:00:00,13030.593
2018-12-20 15:00:00,12493.708
2018-12-20 18:00:00,12249.693
2018-12-20 21:00:00,9555.956
2018-12-21 00:00:00,7085.8643
2018-12-21 03:00:00,5806.5493
2018-12-21 06:00:00,1052.488
2018-12-21 09:00:00,5952.0635
2018-12-21 12:00:00,10524.252
2018-12-21 15:00:00,12954.347
2018-12-21 18:00:00,12377.514
2018-12-21 21:00:00,7822.384
2018-12-22 00:00:00,9754.68
2018-12-22 03:00:00,6275.7266
2018-12-22 06:00:00,10018.92
2018-12-22 09:00:00,10429.343
2018-12-22 12:00:00,14282.901
2018-12-22 15:00:00,14871.355
2018-12-22 18:00:00,13158.546
2018-12-22 21:00:00,9878.532
2018-12-23 00:00:00,10301.3955
2018-12-23 03:00:00,8649.213
2018-12-23 06:00:00,8972.93
2018-12-23 09:00:00,6668.7837
2018-12-23 12:00:00,13891.4375
2018-12-23 15:00:00,14726.65
2018-12-23 18:00:00,13621.351
2018-12-23 21:00:00,15136.933
2018-12-24 00:00:00,10345.261
2018-12-24 03:00:00,11880.424
2018-12-24 06:00:00,8607.601
2018-12-24 09:00:00,12076.498
2018-12-24 12:00:00,13199.926
2018-12-24 15:00:00,13765.112
2018-12-24 18:00:00,14297.087
2018-12-24 21:00:00,10680.493
2018-12-25 00:00:00,9706.378
2018-12-25 03:00:00,10123.128
2018-12-25 06:00:00,8912.777
2018-12-25 09:00:00,12453.651
2018-12-25 12:00:00,15257.329
2018-12-25 15:00:00,15052.347
2018-12-25 18:00:00,13707.51
2018-12-25 21:00:00,12695.881
2018-12-26 00:00:00,12282.73
2018-12-26 03:00:00,9662.391
2018-12-26 06:00:00,9282.829
2018-12-26 09:00:00,10897.668
2018-12-26 12:00:00,15045.74
2018-12-26 15:00:00,14092.608
2018-12-26 18:00:00,14993.796
2018-12-26 21:00:00,9401.231
2018-12-27 00:00:00,11256.684
2018-12-27 03:00:00,9944.083
2018-12-27 06:00:00,9136.775
2018-12-27 09:00:00,9670.331
2018-12-27 12:00:00,12041.81
2018-12-27 15:00:00,11243.867
2018-12-27 18:00:00,12291.963
2018-12-27 21:00:00,11791.799
2018-12-28 00:00:00,10010.419
2018-12-28 03:00:00,10368.419
2018-12-28 06:00:00,6437.388
2018-12-28 09:00:00,10375.766
2018-12-28 12:00:00,12080.248
2018-12-28 15:00:00,12725.882
2018-12-28 18:00:00,10693.224
2018-12-28 21:00:00,12225.154
2018-12-29 00:00:00,9185.016
2018-12-29 03:00:00,2868.5354
2018-12-29 06:00:00,3600.2473
2018-12-29 09:00:00,7515.7993
2018-12-29 12:00:00,11654.662
2018-12-29 15:00:00,12792.37
2018-12-29 18:00:00,11370.128
2018-12-29 21:00:00,9035.318
2018-12-30 00:00:00,6758.8955
2018-12-30 03:00:00,4276.9766
2018-12-30 06:00:00,4122.335
2018-12-30 09:00:00,7405.1064
2018-12-30 12:00:00,12865.836
2018-12-30 15:00:00,11502.914
2018-12-30 18:00:00,11673.853
2018-12-30 21:00:00,10139.646
2018-12-31 00:00:00,6177.983
2018-12-31 03:00:00,6066.1787
2018-12-31 06:00:00,4466.9473
2018-12-31 09:00:00,10540.229
2018-12-31 12:00:00,12212.69
2018-12-31 15:00:00,10198.732
2018-12-31 18:00:00,12496.362
2018-12-31 21:00:00,8993.078
